編號	題名	型式	朝代	作者	內容
1	桂源鋪	詩	宋	楊萬里	萬山不許一溪奔，攔得溪聲日夜喧。 到得前頭山腳盡，堂堂溪水出前村。
2	偈	詩	宋	方會禪師	心隨萬境轉，轉處實能幽。隨流認得性，無喜亦無憂。
3	飲馬長城窟	詩	漢	蔡邕	青青河畔草，綿綿思遠道。遠道不可思，夙昔夢見之。夢見在我旁，忽覺在他鄉。他鄉各異縣，展轉不可見。枯桑知天風，海水知天寒。入門各自媚，誰肯相為言。客從遠方來，遺我雙鯉魚。呼童烹鯉魚，中有尺素書。長跪讀素書，書中竟何如。上有加餐食，下有長相憶。
4	臨江仙		宋	蘇軾	夜飲東坡醒復醉，歸來彷彿三更。家童鼻息已雷鳴，敲門都不應，欹杖聽江聲。長恨此身非我有，何時忘卻營營？夜闌，風靜，轂紋平：小舟從此逝，江海寄餘生。
5	*		現代	李叔同	五陵裘馬最豪華，看盡長安陌上花。歌舞霎時齊放手，一枝禪杖一袈裟。
6	三國演義		明	羅貫中	滾滾長江東逝水，浪花淘盡英雄。是非成敗轉頭空，青山依舊在，幾度夕陽紅。白髮漁樵江渚上，慣看秋月春風，一斛濁酒喜相逢，古今多少事，都付笑談中。
7	青青河畔草		東周	不詳	青青河畔草，鬱鬱園中柳。盈盈樓上女，皎皎當窗牖。娥娥紅粉妝，纖纖出素手。昔為倡家女，今為蕩子婦。蕩子行不歸，空床難獨守。
8	生年不滿百		東周	不詳	生年不滿百，常懷千歲憂。晝短苦夜長，何不秉燭遊？為樂當及時，何能待來茲？愚者愛惜費，但為後世嗤。仙人王子喬，難可與等期。
9	節婦吟		唐	張籍	君知妾有夫，贈妾雙明珠。感君纏綿意，繫在紅羅襦。妾家高樓連苑起，良人執戟光明裏。知君用心如日月，事夫誓擬同生死。還君明珠雙淚垂，恨不相逢未嫁時。
10	訣別詩		宋	蘇軾	聖主如天萬物春，小臣愚暗自亡身。百年未了須還債，十口無家更累人。是處青山可埋骨，他時夜雨獨傷神。與君世世為兄弟，更結來生未了因。
11	憶秦娥		唐	李白	簫聲咽，秦娥望斷秦樓月，秦樓月，年年柳色，灞陵傷別。樂遊原上清秋節，咸陽古道音塵絕。音塵絕，西風殘照，漢家陵闕。
12	鵲橋仙		宋	秦觀	纖雲弄巧，飛星傳恨，銀漢迢迢暗度。金風玉露一相逢，便勝卻人間無數。柔情似水，佳期如夢，忍顧鵲橋歸路。兩情若是久長時，又豈在朝朝暮暮。
13	詠鵝		唐	駱賓王	鵝，鵝，鵝，曲項向天歌。白毛鳧綠水，紅掌撥清波。
14	七步詩		三國	曹植	煮豆燃豆萁，豆在釜中泣。本是同根生，相煎何太急？
15	陋室銘		唐	劉禹錫	山不在高，有仙則名。水不在深，有龍則靈。斯是陋室，惟吾德馨。苔痕上階綠，草色入簾青。談笑有鴻儒，往來無白丁。可以調素琴，閱金經。無絲竹之亂耳，無案牘之勞形。南陽諸葛廬，西蜀子雲亭，孔子云：何陋之有？
16	摸魚兒		金	元好問	問人間，情是何物，直教生死相許？天南地北雙飛客，老翅幾回寒暑。歡樂趣，離別苦，是中更有癡兒女。君應有語，渺萬里層雲，千山暮雪，隻影為誰去？橫汾路，寂寞當年簫鼓。荒煙依舊平楚，招魂楚些何嗟及？山鬼自啼風雨，天也妒，未信與，鶯兒燕子俱黃土。千秋萬古，為留待騷人，狂歌痛飲，來訪邱處。
17	座右銘		不詳	崔瑗	無道人之短，無說己之長。施人慎勿念，受施慎勿忘。世譽不足慕，惟仁惟紀綱。隱心而後動，謗議庸何傷。無使名過實，守愚聖所臧。在涅貴不緇，曖曖內含光。柔弱生之徒，老氏誡剛強。行行鄙夫志，悠悠故難量。慎言節飲食，知足勝不祥。行之苟有恒，久久自芬芳。
18	卜算子	詞 歌詞	宋	李之儀;鄧麗君 唱	我住長江頭，君住長江尾。日日思君不見君，共飲長江水。此水幾時休？此恨何時已？只願君心似我心，定不負相思意。
19	醉花陰		宋	李清照	薄霧濃雲愁永晝，瑞腦消金獸。佳節又重陽，玉枕紗幮，半夜涼初透。東籬把酒黃昏後，有暗香盈袖，莫道不消魂，簾捲西風，人比黃花瘦。
20	菩薩蠻		唐	溫庭筠	小山重疊金明滅，鬢雲欲度香腮雪。懶起畫蛾眉，弄妝梳洗遲。照花前後鏡，花面交相映。新貼繡羅襦，雙雙金鷓鴣。
21	武陵春		宋	李清照	風住塵香花已盡，日晚倦梳頭。物是人非事事休，欲語淚先流。聞說雙溪春尚好，也擬泛輕舟。只恐雙溪舴艋舟，載不動許多愁。
22	菩薩蠻		五代	李煜	花明月暗飛輕霧，今宵好向郎邊去。□襪步香階，手提金縷鞋。畫堂南畔見，一晌偎人顫。奴為出來難，教君恣意憐。
23	鷓鴣天		宋	晏幾道	彩袖殷勤捧玉鍾，當年拚卻醉顏紅，舞低楊柳樓心月，歌盡桃花扇底風。從別後，憶相逢，幾回魂夢與君同。今宵賸把銀釭照，猶恐相逢是夢中。
24	夢江南		唐	溫庭筠	千萬恨，恨極在天涯。山月不知心裏事，水風空落眼前花，搖曳碧雲斜。
25	賀聖朝		宋	葉清臣	滿斟綠醑留君住，莫匆匆歸去。三分春色二分愁，更一分風雨。花開花謝，都來幾許？且高歌休訴。不知來歲牡丹時，再相逢何處？
26	鳳凰臺上憶吹簫		宋	李清照	香冷金猊，被翻紅浪，起來慵自梳頭。任寶奩塵滿，日上簾釣。生怕離懷別苦，多少事，欲說還休。新來廋，非干病酒，不是悲秋。休休。者回去也，千萬遍陽關，也則難留。念武陵人遠，煙鎖秦樓。惟有樓前流水，應念我，終日凝眸。凝眸處，從今又添，一段新愁。
27	河東獅		宋	蘇軾	東坡先生無一錢，十年家火燒丹鉛。黃金可成河可塞，只有雙鬢無由玄。龍丘居士亦可憐，談空說有夜不眠。忽聞河東獅子吼，拄杖落手心茫然。
28	*		清	左宗棠	千里來書為一牆，讓他三尺又何妨？長城萬里今猶在，不見當年秦始皇。
29	飲酒詩 (其一)		東晉	陶淵明	結廬在人境，而無車馬喧。問君何能爾，心遠地自偏。採菊東籬下，悠然見南山。山氣日夕佳，飛鳥相與還。此中有真意，欲辯已忘言。
30	*		東晉	陶淵明	清晨聞叩門，倒裳往自開。問子為誰與，田父有好懷。壺漿遠見候，疑我與時乖。襤縷茅簷下，未足為高栖。一世皆尚同，願君汨其泥。深感父老言，稟氣寡所諧。紆轡誠可喜，違已詎非迷。且共歡此飲，吾駕不可回。
31	舊夢		現代	胡適	山下綠叢中，瞥見飛簷一角，驚起當年舊夢，淚向心頭落。隔山遙唱舊時歌，聲苦沒人懂。我不是高歌，只是重溫舊夢。
32	*		現代	李叔同	君子之交，其淡如水， 執象而求，咫尺千里。
33	*		現代	李叔同	問余何適？廓爾忘言。華枝春滿，天心月圓。
34	*		現代	王光祈	千戴憂難已，深宵劍自鳴。直行終有路，何必計枯榮。
35	生查子		三國	牛希濟	春山煙欲收，天淡稀星小，殘月臉邊明，別淚臨清曉。語已多，情未了，回首猶重道：記得綠羅裙，處處憐芳草。
36	行行重行行		東周	不詳	行行重行行，與君生別離。相去萬餘里，各在天一涯。道路阻且長，會面安可知？胡馬依北風，越鳥巢南枝。相去日已遠，衣帶日已緩。浮雲蔽白日，遊子不顧返。思君令人老，歲月忽已晚。棄捐勿復道，努力加餐飯。
37	青青陵上柏		東周	不詳	青青陵上柏，磊磊澗中石。人生天地間，忽如遠行客。斗酒相娛樂，聊厚不為薄。驅車策駑馬，遊戲宛與洛。洛中何鬱鬱，冠帶自相索。長衢羅夾巷，王侯多第宅。兩宮遙相望，雙闕百餘尺。極宴娛心意，戚戚何所迫。
38	今日良宴會		東周	不詳	今日良宴會，歡樂難具陳。彈箏奮逸響，新聲妙入神。令德唱高言，識曲聽其真。齊心同所願，含意俱未伸。人生寄一世，奄忽若飆塵。何不策高足，先據要路津。無為守窮賤，轗軻長苦辛。
39	西北有高樓		東周	不詳	西北有高樓，上與浮雲齊。交疏結綺窗，阿閣三重階。上有絃歌聲，音響一何悲！誰能為此曲，無乃杞梁妻！清商隨風發，中曲正徘徊。一彈再三歎，慷慨有餘哀。不惜歌者苦，但傷知音稀！願為雙鳴鶴，奮翅起高飛。
40	步江采芙蓉		東周	不詳	涉江采芙蓉，蘭澤多芳草。采之欲遺誰，所思在遠道。還顧望舊鄉，長路漫浩浩。同心而離居，憂傷以終老。
41	明月皎夜光		東周	不詳	明月皎夜光，促織鳴東壁。玉衡指孟冬，眾星何歷歷？白露霑野草，時節忽復易。秋蟬鳴樹間，玄鳥逝安適？昔我同門友，高舉振六翮。不念攜手好，棄我如遺跡。南箕北有斗，牽牛不負軛。良無盤石固，虛名復何益？
42	冉冉孤生竹		東周	不詳	冉冉孤生竹，結根泰山阿。與君為新婚，兔絲附女蘿。兔絲生有時，夫婦會有宜。千里遠結婚，悠悠隔山坡。思君令人老，軒車來何遲？傷彼蕙蘭花，含莫揚光輝。過時而不采，將隨秋草萎。君亮執高節，賤妾亦何為？
43	庭中有奇樹		東周	不詳	庭中有奇樹，綠葉發華滋。攀條折其榮，將以遺所思。馨香盈懷袖，路遠莫致之。此物何足貴，但感別經時。
44	迢迢牽牛星		東周	不詳	迢迢牽牛星，皎皎河漢女。纖纖擢素手，札札弄機杼。終日不成章，泣涕零如雨。河漢清且淺，相去復幾許？盈盈一水間，脈脈不得語。
45	迴車駕言邁		東周	不詳	迴車駕言邁，悠悠涉長道。四顧何茫茫，東風搖百草。所遇無故物，焉得不速老？盛衰各有時，立身苦不早。人生非金石，豈能長壽考？奄忽隨物化，榮名以為寶。
46	東城高且長		東周	不詳	東城高且長，逶迤自相屬。迴風動地起，秋草萋已綠。四時更變化，歲暮一何速！晨風懷苦心，蟋蟀傷局促。蕩滌放情志，何為自結束？燕趙多佳人，美者顏如玉。被服羅裳衣，當戶理清曲。音響一何悲，絃急知柱促。馳情整中帶，沈吟聊躑躅。思為雙飛燕，銜泥巢君屋。
47	驅車上東門		東周	不詳	驅車上東門，遙望郭北墓。白楊何蕭蕭！松柏夾廣路。下有陳死人，杳杳即長暮。潛寐黃泉下，千載永不寤。浩浩陰陽移，年命如朝露。人生忽如寄，壽無金石固。萬歲更相送，聖賢莫能度。服食求神仙，多為藥所誤。不如飲美酒，被服紈與素。
48	去者日以疏		東周	不詳	去者日以疏，來者日以親。出郭門直視，但見丘與墳。古墓犁為田，松柏摧為薪。白楊多悲風，蕭蕭愁殺人。思還故里閭，欲歸道無因。
49	凜凜歲云暮		東周	不詳	凜凜歲云暮，螻蛄夕鳴悲。涼風率已厲，遊子寒無衣。錦衾遺洛浦，同袍與我違。獨宿累長夜，夢想見容輝。良人惟古歡，枉駕惠前綏。願得常巧笑，攜手同車歸。既來不須臾，又不處重闈。亮無晨風翼，焉能凌風飛？眄睞以適意，引領遙相睎。徙倚懷感傷，垂涕霑雙扉。
50	孟冬寒氣至		東周	不詳	孟冬寒氣至，北風何慘慄！愁多知夜長，仰視眾列星。三五明月滿，四五詹兔缺。客從遠方來，遺我一書札：上言長相思，下言久別離。置書懷袖中，三年字不滅。一心抱區區，懼君不識察。
51	客從遠方來		東周	不詳	客從遠方來，遺我一端綺。相去萬餘里，故人心尚爾。文彩雙鴛鴦，裁為合歡被。著以長相思，緣以結不解。以膠投漆中，誰能別離此。
52	明月何皎皎		東周	不詳	明月何皎皎，照我羅床幃。憂愁不能寐，攬衣起徘徊。客行雖云樂，不如早旋歸！出戶獨彷徨，愁思當告誰？引領還入房，淚下沾裳衣。
53	踏莎行		宋	歐陽修	候館梅殘，溪橋柳細，草薰風暖搖征轡。離愁漸遠漸無窮，迢迢不斷如春水。寸寸柔腸，盈盈粉淚，樓高莫近危闌倚。平蕪盡處是春山，行人更在春山外。
54	摸魚兒		宋	辛棄疾	更能消，幾番風雨，匆匆春又歸去。惜春長怕花開早，何況落紅無數。春且住！見說道：天涯芳草無歸路。怨春不語，算只有殷勤，畫簷蛛網，盡日惹飛絮。長門事，準擬佳期又誤。蛾眉曾有人妒。千金縱買相如賦，脈脈此情誰訴？君莫舞，君不見：玉環飛燕皆塵土。閒愁最苦，休去倚危闌，斜陽正在，煙柳斷腸處。
55	釵頭鳳	詞	宋	陸游;包美聖 唱	紅酥手，黃籐酒，滿城春色宮牆柳，東風惡，歡情薄，一懷愁緒，幾年離索，錯！錯！錯！春如舊，人空瘦，淚痕紅浥蛟綃透，桃花落，閒池閣，山盟雖在，錦書難託，莫！莫！莫！
56	感皇恩 (入京)		宋	趙企	騎馬踏紅塵，長安重到。人面依然似花好。舊歡才展，又被新愁分了。未成雲雨夢，巫一曉。千里斷腸，關山古道。回首高城似天杳。滿懷離恨，付與落花嘀鳥。故人何處也？青春老。
57	女冠子		三國	韋莊	四月十七，正是去年今日，別君時。忍淚佯低面，含羞半斂眉。不知魂已斷，空有夢相隨。除卻天邊月，沒人知。
58	踏莎行		宋	秦觀	霧伕樓台，月迷津渡，桃源望斷無尋處。可堪孤館閉春寒，杜鵑聲裏斜陽暮。驛寄梅花，魚傳尺素，砌成此無重數。郴江幸自繞郴山，為誰流下瀟湘去？
59	臨江仙		五代	馮延巳	冷紅飄起桃花片，青春意緒闌珊。畫樓簾幕捲春寒。酒餘人散後，獨自倚闌干。夕陽千里連芳草，萋萋愁煞王孫。徘徊飛盡碧天雲。鳳笙何處？明月照黃昏。
60	八聲甘州		宋	柳永	對瀟瀟暮雨灑江天，一番洗清秋。漸霜風淒緊，關河冷落，殘照當樓。是處紅衰綠減，苒苒物華休。惟有長江水，無語東流。不忍登高臨遠，望故鄉渺邈，歸思難收。歎年來蹤跡，何事苦淹留？想佳人，妝樓顒望，誤幾回，天際識歸舟？爭知我，倚闌干處，正恁凝愁？
61	蝶戀花		宋	晏幾道	醉別西樓醒不記，春夢秋雲，聚散真容易。斜月半窗還少睡，畫屏閒展吳山翠。衣上酒痕詩裏字，點點行行，總是淒涼意。紅燭自憐無好計，夜寒空替人垂淚。
62	西江月		宋	司馬光	寶髻鬆鬆挽就，鉛華淡淡妝成。紅煙翠霧罩輕盈，飛絮游思無定。相見爭如不見？有情還似無情。笙歌散後酒微醒，深院月明人靜。
63	天仙子		宋	張先	水調數聲持酒聽，午醉醒來愁未醒。送春春去幾時回？臨晚鏡，傷流景，往事後期空記省。沙上並禽池上瞑，雲破月來花弄影。重重簾幕密遮燈。風不定，人初靜，明日落紅應滿徑。
64	添字采桑子 (芭蕉)		宋	李清照	窗前誰種芭蕉樹，陰滿中庭，陰滿中庭。葉葉心心，舒卷有餘情。傷心枕上三更雨。點滴霖霪，點滴霖霪。愁損北人，不慣起來聽。
65	章臺柳		唐	韓翃	章臺柳！章臺柳！昔日青青今在否？縱使長條似舊垂，亦應攀折他人手。
66	長相思		唐	白居易	汴水流，泗水流。流到瓜州古渡頭，吳山點點愁。思悠悠，恨悠悠。恨到歸時方始休，月明人倚樓。
67	御街行 (離懷)		宋	范仲淹	紛紛墜葉飄香砌，夜寂靜，寒聲碎。真珠簾玉樓空，天淡銀河垂地。年年今夜，月華如練，長是人千里。愁腸已斷無由醉。酒未到，先成淚。殘嬁明滅枕頭攲，諳盡孤眠滋。都來此事，眉間心上，無計相迴避。
68	歸國遙		唐	馮延巳	江水碧，江上何人吹玉笛？扁舟遠送瀟湘客。蘆花千里霜月白。傷行色，來朝便是關山隔。
69	蝶戀花		宋	柳永	佇倚危樓風細細。望極清愁，黯黯生天際。草色煙光殘照裏，無言誰會憑闌意。擬把疏狂圖一醉。對酒當歌，強樂還無味。衣帶漸寬終不悔，為伊消得人憔悴。
70	臨江仙		宋	晏幾道	夢後樓臺高鎖，酒醒簾幕低垂。去年春恨來時。落花人獨立，微雨燕雙飛。記得小蘋初見，兩重心字羅衣。琵琶絃上說相思。當時明月在，曾照彩雲歸。
71	夜游宮		宋	周邦彥	葉下斜陽照水，捲輕浪，沉沉千里。橋上酸風射眸子。立多時，看黃昏，燈火市。古屋寒窗底，聽幾片，井梧飛墜。不戀單衾再三起。有誰知？為蕭娘，書一紙。
72	青玉案		宋	賀鑄	凌波不過橫塘路，但目送，芳塵去。錦瑟華年誰與度？月臺花榭，綺窗朱戶，唯有春知處。碧雲冉冉蘅皋暮，綵筆空題斷腸句。試問閑愁都幾許？一川煙草，滿城風絮，梅子黃時雨。
73	渡江雲		宋	張炎	山空天入海，倚樓望極，風急暮潮初。一簾鳩外雨，幾處閒田，隔水動春鋤。新煙禁柳，想如今，綠到西湖。猶記得，當年深隱，門掩兩三株。愁予，荒城古漵，斷梗疏萍，更漂流何處？空自覺，圍羞帶減，影怯燈孤。常疑即見桃花面，甚近來，翻笑無書。書縱遠，如何夢也都無？
74	點絳脣 (閨情)		元	曾允元	一夜東風，枕邊吹散愁多少？數聲啼鳥，夢轉紗窗曉。來是春初，去是春將老。長亭道，一般芳草，只有歸時好。
75	菩薩蠻		唐	李白	平林漠漠煙如織，寒山一帶傷心碧。暝色入高樓，有人樓上愁。玉階空佇立，宿鳥歸飛急。何處是歸程？長亭更短亭。
76	攤破浣溪沙		五代	李璟	菡萏香消翠葉殘，西風愁起綠波間。還與韶光共憔悴，不堪看。細雨夢回雞塞遠，小樓吹徹玉笙寒。多少淚珠何限恨，倚闌干。
77	采桑子		五代	馮延巳	花前失卻遊春侶，獨自尋芳，滿目悲涼。縱有笙歌亦斷腸。林間戲蠂簾間燕，各自雙雙。忍更思量，綠樹青苔半夕陽。
78	烏夜啼	詞 歌詞	五代	李煜;鄧麗君 唱	林花謝了春紅，太匆匆，無奈朝來寒雨晚來風。胭脂淚，相留醉，幾時重？自是人生長恨水長東。無言獨上西樓，月如鉤，寂寞梧桐深院鎖清秋。剪不斷，理還亂，是離愁，別是一番滋味在心頭。
79	蠂戀花		五代	李煜	遙夜亭皋閒信步。纔過清明，早覺傷春暮。數點雨聲風約住，朦朧淡月雲來去。桃李依依春暗度。誰在秋千，笑裏低低語。一片芳心千萬緒，人間沒箇安排處。
80	虞美人	詞 歌詞	五代	李煜;鄧麗君 唱	春花秋月何時了，往事知多少？小樓昨夜又東風，故國不堪回首月明中。雕欄玉砌應猶在，只是朱顏改。問君能有幾多愁？恰似一江春水向東流。
81	浣溪沙		宋	晏殊	一向年光有限身，等閒離別易銷魂，酒筵歌席莫辭頻。滿目山河空念遠，落花風雨更傷春，不如憐取眼前人。
82	漁家傲		宋	范仲淹	塞下秋來風景異，衡陽雁去無留意。四面邊聲連角起，千嶂裏，長煙落日孤城閉。濁酒一杯家萬里，燕然未勒歸無計。羌管悠悠霜滿地，人不寐，將軍白髮征夫淚。
83	浪淘沙		五代	李煜	簾外雨潺潺，春意闌珊，羅衾不耐五更寒。夢裏不知身是客，一餉貪歡。獨自莫憑欄，無限江山，別時容易見時難。流水落花春去也，天上人間。
84	浣溪沙 (春恨)		宋	晏殊	一曲新詞酒一杯，去年天氣舊亭臺。夕陽西下幾時回，無可奈何花落去。似曾相識燕歸來，小園香徑獨徘徊。
85	蠂戀花		宋	歐陽修	庭院深深深幾許，楊柳堆煙，簾幕無重數。玉勒雕鞍遊冶處，樓高不見章臺路。雨橫風狂三月暮，門掩黃昏，無計留春住。淚眼問花花不語，亂紅飛過鞦韆去。
86	鶴沖天		宋	柳永	黃金榜上，偶失龍頭望。明代暫遺賢，如何向？未遂風雲便，爭不恣遊狂蕩？何須論得喪？才子詞人，自是白衣卿相。煙花巷陌，依約丹青屏障。幸有意中人，堪尋訪。且恁偎紅倚翠，風流事，平生暢。青春都一餉，忍把浮名，換了淺斟低唱。
87	相見歡		宋	朱敦儒	金陵城上西樓，倚清秋。萬里夕陽垂地，大江流。中原亂，簪纓散，幾時收？試倩悲風吹淚，過揚州
88	醜奴兒		宋	辛棄疾	近來愁似天來大，誰解相憐？誰解相憐？又把愁來做個天。都將今古無窮事，放在愁邊。放在愁邊，卻自移家向酒泉。
89	虞美人 (聽雨)		宋	蔣捷	少年聽雨歌樓上，紅燭昏羅帳。壯年聽雨客舟中，江闊雲低，斷雁叫西風。而今聽雨僧廬下，鬢已星星也。悲歡離合總無情，一任階前，點滴到天明。
90	一翦梅(春思)		宋	蔣捷	一片春愁帶酒澆。江上舟搖，樓上帘招。秋娘容與泰娘嬌。風又飄飄，雨又瀟瀟。何日雲帆卸浦橋？銀字笙調，心字香燒。流光容易把人拋。紅了櫻桃，綠了芭蕉。
91	浣溪沙 (聽歌有感)		清	況周頤	措起殘紅淚滿衣，他生莫作有情癡。人天無地著相思，花再開非故樹，雲能暫駐亦哀絲，不成消遣祗成悲。
92	念奴嬌(赤壁懷古)		宋	蘇軾	大江東去，浪淘盡，千古風流人物。故壘西邊，人道是，三國周郎赤壁。亂石崩雲，驚濤裂岸，捲起千堆雪。江山如畫，一時多少豪傑。遙想公瑾當年，小喬初嫁了，雄姿英發，羽扇綸巾，談笑間，強虜灰飛煙滅。故國神遊，多情應笑我，早生華髮。人生如夢，一尊還酹江月。
93	卜算子(詠梅)		宋	陸游	驛外斷橋邊，寂寞開無主，已是黃昏獨自愁，更著風和雨。無意苦爭春，一任群芳妒，零落成泥碾作塵，只有香如故。
94	長相思		清	納蘭性德	山一程，水一程。身向榆關那畔行，夜深千帳鐙。風一更，雪一更。聒碎鄉心夢不成，故園無此聲。
95	行香子		宋	秦觀	樹繞村莊，水滿陂榶。倚東風，豪興徜徉。小園幾許？收盡春光：有桃花紅，李花白，菜花黃。遠遠苔牆，隱隱茅堂。颺青旗，流水橋旁。偶然乘興，步過東岡：正鶯兒啼，燕兒舞，蠂兒忙。
96	小重山		宋	岳飛	昨夜寒蛩不住鳴，驚回千里夢，已三更。起來獨自繞階行。人悄悄，簾外月朧明。白首為功名，舊山松竹老，阻歸程。欲將心事付瑤琴。知音少，絃斷有誰聽？
97	訴衷情		宋	晏殊	東風楊柳欲青青，煙淡雨初晴。惱他香閣濃睡，撩亂有啼鶯。眉葉細，舞腰輕，宿粧成。一春芳意，三月和風，牽繫人情。
98	鷓鴣天		宋	蘇軾	林斷山明竹隱牆，亂蟬衰草小池塘。翻空白鳥時時見，照水紅蕖細細香。村舍外，古城旁，杖藜徐步轉斜陽。殷勤昨夜三更雨，又得浮生一日涼。
99	定風波		宋	蘇軾	莫聽穿林打葉聲，何妨吟嘯且徐行。竹杖芒鞋輕勝馬，誰怕？一蓑煙雨任平生。料峭春風吹酒醒，微冷。山頭斜照卻相迎。回首向來蕭瑟處。歸去，也無風雨也無晴。
100	漁父詞		唐	張志和	西塞山前白鷺飛，桃花流水鱖魚肥。青篛笠，綠簑衣，斜風細雨不須歸。
101	西江月 (示兒曹，以家事付之)		宋	辛棄疾	萬事雲煙忽過，百年蒲柳先衰。而今何事最相宜？宜醉，宜遊，宜睡。早趁催科了納，更量出入收支。乃翁依舊管些兒：管竹，管山，管水。
102	江城子 (乙卯正月二十紀夢)		宋	蘇軾	十年生死兩茫茫，不思量，自難忘。千里孤墳，無處話淒涼。縱使相逢應不識，塵滿面，鬢如霜。夜來幽夢忽還鄉，小軒穾，正梳妝。相顧無言，惟有淚千行。料得年年腸斷處，明月夜，短松岡。
103	釵頭鳳		宋	唐婉	世情薄，人情惡，雨送黃花易落。曉風乾，淚痕殘，欲箋心事獨語斜闌。難！難！難！人成各，今非昨，病魂常似秋千索。角聲寒，夜闌珊，怕人尋間咽淚裝歡。瞞！瞞！瞞！
104	過零丁洋		宋	文天祥	辛苦遭逢起一經，干戈落落四周星。山河破碎風拋絮，身世飄搖雨打萍。惶恐灘頭說惶恐，零丁洋裏嘆零丁。人生自古誰無死，留取丹心照汗青。
105	短歌行		東漢	曹操	對酒當歌，人生幾何？譬如朝露，去日苦多。慨當以慷，憂思難忘，何以解憂，惟有杜康。青青子衿，悠悠我心，但為君故，沉吟至今。呦呦鹿鳴，食野之革，我有嘉賓，鼓瑟吹笙。明明如月，何時可掇，憂從中來，不可斷絕。越陌度阡，枉用相存，契闊京讌，心念舊恩。月明星稀，烏鵲南飛，繞樹三匝，無枝可依。山不厭高，海不厭深，周公吐哺，天下歸心。
106	寄李儋元		唐	韋應物	去年花裏逢君別，今日花開又一年。世事茫茫難自料，春愁黯黯獨成明。身多疾病思田里，邑有流亡愧俸錢。聞道欲來相問訊，西樓望月幾時圓。
107	秘魔崖月夜		現代	胡適	依舊是月圓時，依舊是空山，靜夜。我獨自月下歸來，這淒涼如何能解！翠微山上的一陣松濤，驚破了空山的寂靜。山風吹亂了窗紙上的松痕，吹不散我心頭的人影！
108	和子由澠池懷舊		宋	蘇軾	人生到處知何似？應似飛鴻踏雪泥。泥上偶然留指爪，鴻飛那復計東西。老僧已死成新塔，壞壁無由見舊題。往日崎嶇還記否？路長人困蹇驢嘶。
109	代悲白頭翁		唐	劉希夷	洛陽城東桃李花，飛來飛去落誰家？洛陽女兒好顏色，坐見落花長嘆息。今年花落顏色改，明年花開復誰在？已見松柏摧為薪，更聞桑田變成海。古人無復洛城東，今人還對落花風。年年歲歲花相似，歲歲年年人不同。寄言全盛紅顏子，應憐半死白頭翁，此翁白頭誠可憐，伊昔紅顏美少年。公子王孫芳樹下，清歌妙舞落花前。光祿池塘開錦繡，將軍樓閣畫神仙。一朝臥病無相識，三春行樂在誰邊？宛轉蛾眉能幾時？須臾鶴髮亂如絲。但看古來歌舞地，惟有黃昏鳥雀悲。
110	四時讀書樂 (春)		元	翁森	山光照檻水繞廊，舞雩歸詠春風香。好鳥枝頭亦朋友，落花水面皆文章。蹉跎莫遣韶光老，人生惟有讀書好。讀書之樂樂何如？綠滿窗前草不除。
111	四時讀書樂 (夏)		元	翁森	新竹壓檐桑四圍，小齋幽敞明朱曦。晝長吟罷蟬鳴樹，夜深燼落螢入幃。北窗高臥羲皇侶，只因素稔讀書趣。讀書之樂樂無窮，瑤琴一曲來薰風。
112	四時讀書樂 (秋)		元	翁森	昨夜庭前葉有聲，籬豆花開蟋蟀鳴。不覺商意滿林薄，蕭然萬籟涵虛清。近床賴有短檠在，對此讀書功更倍。讀書之樂樂陶陶，起弄明日霜天高。
113	四時讀書樂 (冬)		元	翁森	木落水盡千崖枯，迥然吾亦見真吾。坐對韋編燈動壁，高歌夜半雪壓廬。地爐茶鼎烹活火，四壁圖書中有我。讀書之樂樂何尋？數點梅花天地心。
114	春日偶成		宋	程顥	雲淡風輕近午天，傍花隨柳過前川。時人不識余心樂，將謂偷閒學少年。
115	垓下歌		秦	項羽	力拔山兮氣蓋世，時不利兮騅不逝。騅不逝兮可奈何！虞兮虞兮奈若何！
116	小詩		現代	胡適	也想不相思，可免相思苦，幾次細思量，情願相思苦！
117	佳人歌		漢	李延年	北方有佳人，絕世而獨立，一顧傾人城，再顧傾人國，寧不知傾城與傾國，佳人難再得。
118	秋浦歌		唐	李白	白髮三千丈，離愁似箇長，不知明鏡裏，何處得秋霜
119	蔽月山房		明	王陽明	山近月遠覺月小，便道此山大於月。若人有眼大如天，當見山高月更闊。
120	寒夜		不詳	杜小山	寒夜客來茶當酒，竹爐湯沸火初紅。尋常一樣窗前月，纔有梅花便不同。
121	早春		不詳	白玉蟾	南枝纔放兩三花，雪裏吟香弄粉些。淡淡著煙濃著月，深深籠水淺籠沙。
122	除夜		不詳	王諲	今歲今宵盡，明年明月催。寒隨一夜去，春逐五更來。氣色空中改，容顏暗裏回。風光人不親，已入後園梅。
123	怨詩行		三國	曹植	明月照高樓，流光正徘徊。上有愁思婦，悲嘆有餘哀。借問嘆者誰？言是蕩子妻。君行踰十年，孤妾常獨棲。君若清路塵，妾若濁水泥。浮沉各異勢，會合何時諧？願為西南風，長逝入君懷。君懷良不開，賤妾當何依？
124	野田黃雀行		三國	曹植	高樹多悲風，海水揚其波。利劍不在掌，結交何須多？不見籬間雀，見鷂自投羅。羅家得雀喜，少年見雀悲。拔劑捎羅網，黃雀得飛飛。飛飛摩蒼天，來下謝少年。
125	送別		唐	王維	下馬飲君酒，問君何所之。君言不得意，歸臥南山陲。但去莫復問，白雲無盡時。
126	答張五弟諲		唐	王維	終南有茅屋，前對終南山。終年無客長閉關，終日無心長自閒。不妨飲酒復垂釣，君但能來相往還。
127	鹿柴		唐	王維	空山不見人，但聞人語響。返景入深林，復照青苔上。
128	竹里館		唐	王維	獨坐幽篁裏，彈琴復長嘯。深林人不知，明月來相照。
129	過崔處士興宗林亭		唐	王維	綠樹重陰蓋四鄰，青苔日厚自無塵。科頭箕踞長松下，白眼看他世上人。
130	山居秋暝		唐	王維	空山新雨後，天氣晚來秋。明月松間照，清泉石上流。竹喧歸浣女，蓮動下漁舟。隨意春芳歇，王孫自可留。
131	歸嵩山作		唐	王維	清川帶長薄，車馬去閒閒。流水如有意，暮禽相與還。荒城臨古渡，落日滿秋山。迢遞嵩高下，歸來且閉關。
132	輞川閒居		唐	王維	一從歸白社，不復到青門。時依簷前樹，遠看原上村。青菰臨水映，白鳥向山翻。寂寞於陵子，桔槔方灌園。
133	終南別業		唐	王維	中歲頗好道，晚家南山隀。興來每獨往，勝事空自知。行到水窮處，坐看雲起時。偶然值林叟，談笑無還期。
134	過香積寺		唐	王維	不知香積寺，數里入雲峰。古木無人徑，深山何處鐘？泉聲咽危石，日色冷青松。薄暮空潭曲，安禪制毒龍。
135	秋夜獨坐		唐	王維	獨坐悲雙鬢，空堂欲二更。雨中山果落，燈下草蟲鳴。白髮終難變，黃金不可成。欲知除老病，惟有學無生。
136	送孟六歸襄陽		唐	王維	杜門不復出，久與世情疏。以此為長策，勸君歸舊廬。醉歌田舍酒，笑讀古人書。好是一生事，無勞獻子虛。
137	懷張子房		唐	李白	子房未虎嘯，破產不為家。滄海得壯士，椎秦博浪沙。報韓雖不成，天下皆震動。潛匿遊下邳，豈曰非智勇？我來圮橋上，懷古欽英風。惟見碧流水，曾無黃石公。歎息此人去，蕭條徐泗空。
138	月下獨酌		唐	李白	花間一壼酒，獨酌無相親。舉杯邀明月，對影成三人。月既不解飲，影徒隨我身。暫伴月將影，行樂須及春。我歌月徘徊，我舞影零亂。醒時同交歡，醉後各分散。永結無情遊，相期邈雲漢。
139	將進酒		唐	李白	君不見：黃河之水天上來，奔流到海不復回？君不見，高堂明鏡悲白髮，朝如青絲暮成雪？人生得意須盡歡，莫使金樽空對月。天生我材必有用，千金散盡還復來。烹羊宰牛且為樂，會須一飲三百杯。岑夫子，丹丘生，將進酒，杯莫停。與君歌一曲，請君為我傾耳聽：鐘鼓饌玉不足貴，但願長醉不願醒。古來聖賢皆寂莫，惟有飲者留其名。陳王昔時宴平樂，斗酒十千恣歡謔。主人何為言少錢？徑須沽取對君酌。五花馬，千金裘，呼兒將出換美酒，與爾同消萬古愁！
140	飲酒詩 (其二)		東晉	陶淵明	秋菊有佳色，裛露掇其英。汎此忘憂物，遠我遺世情。一觴雖獨進，杯盡壺自傾。日入群動息，歸鳥趨林鳴。嘯傲東軒下，聊復得此生。
141	贈孟浩然		唐	李白	吾愛孟夫子，風流天下聞。紅顏棄軒冕，白首臥松雲。醉月頻中聖，迷花不事君。高山安可仰，徒此挹清芬。
142	夜泊牛渚懷古		唐	李白	牛渚西江夜，青天無片雲。豋舟望秋月，空憶謝將軍。余亦能高詠，斯人不可聞。明朝掛帆去，楓葉落紛紛。
143	春夜洛城聞笛		唐	李白	誰家玉笛暗飛聲，散入春風滿洛陽。此夜曲中聞折柳，何人不起故國情？
144	黃鶴樓送孟浩然之廣陵		唐	李白	故人西辭黃鶴樓，煙花三月下揚州。孤帆遠影碧空盡，惟見長江天際流。
145	山中答客		唐	李白	問余何事棲碧山？笑而不答心自閒。桃花流水窅然去，別有天地非人間。
146	山中興幽人對酌		唐	李白	兩人對酌山花開，一杯一杯復一杯。我醉欲眠卿且去，明朝有意抱琴來。
147	豋金陵鳳凰臺		唐	李白	鳳凰臺上鳳凰遊，鳳去臺空江自流。吳宮花草埋幽徑，晉代衣冠成古邱。三山半落青天外，二水中分白鷺洲。總為浮雲能蔽日，長安不見使人愁!
148	後出塞		唐	杜甫	朝進東門營，暮上河陽橋。落日照大旗，馬鳴風蕭蕭。平沙列萬幕，部伍各見招。中天懸明月，令嚴夜寂寥。悲笳數聲動，壯士慘不驕。借問大將誰？恐是霍嫖姚。
149	八陣圖		唐	杜甫	功蓋三分國，名成八陣圖。江流石不轉，遺恨失吞吳。
150	絕句		唐	杜甫	"兩個黃鸝鳴翠柳,一行白鷺上青天。窗含西嶺千秋雪,門泊東吳萬里船。"
151	春望		唐	杜甫	國破山河在，城春草木深。感時花濺淚，恨別鳥驚心。烽火連三月，家書抵萬金。白頭搔更短，渾欲不勝簪。
152	月夜憶舍弟		唐	杜甫	戍鼓斷人行，邊秋一雁聲。露從今夜白，月是故鄉明。有弟皆分散，無家問死生。寄書長不達，況乃未休兵！
153	豋兗州城樓		唐	杜甫	東郡趨庭日，南樓縱目初。浮雲連海岱，平野入青徐。孤嶂秦碑在，荒城魯殿餘。從來多古意，臨眺獨躊躇。
154	春日懷李白		唐	杜甫	白也詩無敵，飄然思不群。清新庾開府，俊逸鮑參軍。渭北春天樹，江東日暮雲。何時一樽酒，重與細論文？
155	蝶戀花		宋	蘇軾	花褪殘紅青杏小，燕子飛時，綠水人家繞。枝上柳綿吹又少，天涯何處無芳草？墻裡秋千墻外道，墻外行人，墻裡佳人笑。笑漸不聞聲漸悄，多情卻被無情惱。
156	書憤		宋	陸游	早歲那知世事艱？中原北望氣如山。樓船夜雪瓜洲渡，鐵馬秋風大散關。塞上長城空自許，鏡中衰鬢已先斑。出師一表真名世，千載誰堪伯仲間？
157	望洞庭湖贈張丞相		唐	孟浩然	八月湖水平，涵虛混太清。氣蒸雲夢澤，波撼岳陽城。欲濟無舟楫，端居恥聖明。坐觀垂釣者，徒有羡魚情！
158	山行		唐	杜牧	遠上寒山石徑斜，白雲生處有人家。停車坐愛楓林晚，霜葉紅於二月花。
159	渡湘江		唐	杜審言	遲日園林悲昔遊，今春花鳥作邊愁。獨憐京國人南竄，不似湘江水北流！
160	渡漢江		唐	宋之問	嶺外音書斷，經冬復立春。近鄉情更怯，不敢問來人。
161	滕王閣序		唐	王勃	滕王高閣臨江渚，佩玉鳴鸞罷歌舞。畫棟朝飛南浦雲，朱簾暮捲西山雨。閑雲潭影日悠悠，物換星移幾度秋。閣中帝子今何在？檻外長江空自流！
162	登荊州城望江兩首		唐	張九齡	滔滔大江水，天地相終始。經閱幾世人，復嘆誰家子。東望何悠悠，西來晝夜流。歲月既如此，為心那不愁。
163	送賀遂員外外甥		唐	王維	南國有歸舟，荊門泝上流。蒼茫葭菼外，雲水共昭丘。檣帶城烏去，江連暮雨愁。猿聲不可聽，莫待楚山秋。
164	黃鶴樓		唐	崔顥	昔人已乘黃鶴去，此地空餘黃鶴樓。黃鶴一去不復返，白雲千載空悠悠。晴川歷歷漢陽樹，芳草萋萋鸚鵡洲。日暮鄉關何處是？煙波江上使人愁！
165	長干行 (其一)		唐	崔顥	君家何處住？妾住在橫塘。停船暫借問，或恐是同鄉。
166	長干行 (其二)		唐	崔顥	家臨九江水，來去九江側。同是長干人，生小不相識。
167	渡荊門送別		唐	李白	渡遠荊門外，來從楚國游。山隨平野盡，江入大荒流。月下飛天鏡，雲生結海樓。仍憐故鄉水，萬里送行舟。
168	秋下荊門		唐	李白	霜落荊門江樹空，布帆無恙掛秋風。此行不為鱸魚膾，自愛名山入剡中。
169	聞王昌齡左遷龍標遙有此寄		唐	李白	楊花落盡子規啼，聞道龍標過五溪。我寄愁心與明月，隨風直到夜郎西。
170	地隅		唐	杜甫	江漢山重阻，風雲地一隅。年年非故物，處處是窮途。喪亂秦公子，悲涼楚大夫。平生心已折，行路日荒蕪。
171	登岳陽樓		唐	杜甫	昔聞洞庭水，今上岳陽樓。吳楚東南坼，乾坤日夜浮。親朋無一字，老病有孤舟。戎馬關山北，憑軒涕泗流！
172	江南逢李龜年		唐	杜甫	岐王宅裏尋常見，崔九堂前幾度聞。正是江南好風景，落花時節又逢君！
173	送李中丞歸漢陽別業		唐	劉長卿	流落征南將，曾驅十萬師。罷歸無舊業，老去戀明時。獨立三邊靜，輕生一劍知。茫茫江漢上，日暮欲何知！
174	同王徵君湘中有懷		唐	張謂	八月洞庭秋，瀟湘水北流。還家萬里夢，為客五更愁。不用書開帙，偏宜上酒樓。故人京洛滿，何日復同遊。
175	省試湘靈鼓瑟		唐	錢起	善鼓雲和瑟，嘗聞帝子靈。馮夷空自舞，楚客不堪聽。苦調淒金石，清音入杳冥。蒼梧來怨慕，白芷動芳馨。流水傳湘浦，悲風過洞庭。曲終人不見，江上數峰青。
176	三閭廟		唐	戴叔倫	沅湘流不盡，屈子怨何深！日暮秋風起，蕭蕭楓樹林。
177	江城子		現代	胡適	翠微山上亂松鳴，月淒清，伴人行，正是黃昏，人影不分明。幾度半山回首望，天那角，一孤星。時時高唱破昏冥，一聲聲，有誰聽？我自高歌，我自遣哀情。記得那回明月夜，歌未歇，有人迎。
178	鵲橋仙		現代	胡適	疏里幾點，銀河淡淡，新月遙遙相照。雙星仍舊隔銀河，難道是相逢嫌早？不須蛛盒，不須瓜果，不用深深私禱，學他一歲一相逢，那便是天孫奇巧。
179	卜算子		宋	蘇軾	缺月挂疏桐，漏斷人初靜。時見幽人獨往來，縹緲鴻影。驚起卻回頭，有恨無人省。揀盡寒枝不肯棲，寂寞沙洲冷。
180	生疏		現代	胡適	多謝寄來書，裝著千分情意。只有一分不滿，帶些微客氣。十年萬里的分離，生疏也難怪，只我開緘歡喜，故態依然在。
181	江雪		唐	柳宗元	千山鳥飛絕，萬徑人蹤滅。孤舟簑笠翁，獨釣寒江雪。
182	漁翁		唐	柳宗元	漁翁夜傍西岩宿，曉汲清湘燃楚竹。煙銷日出不見人，欸乃一聲山水綠。回看天際下中流，岩上無心雲相逐。
183	竹枝詞		唐	劉禹錫	白帝城頭春草生，白鹽山下蜀江清。南人上來歌一曲，北人莫上動鄉情。
184	竹枝詞		唐	劉禹錫	山桃紅花滿上頭，蜀江春水拍山流。花紅易衰似郎意，水流無限似儂愁。
185	竹枝詞		唐	劉禹錫	城西門前灩澦堆，年年波浪不能摧。懊惱人心不如石，少時東去復西來。
186	竹枝詞		唐	劉禹錫	瞿塘嘈嘈十二灘，人言道路古來難。長恨人心不如水，等閑平地起波瀾。
187	楚江懷古		唐	馬戴	露氣寒光集，微陽下楚丘。猿啼洞庭樹，人在木蘭舟。廣澤生明月，蒼山夾亂流。雲中君不見，竟夕自悲秋！
188	送別		現代	李叔同	長亭外，古道邊，芳草碧連天。晚風拂柳笛聲殘，夕陽山外山。天之涯，地之角，知交半零落。一觚濁酒盡餘歡，今宵別夢寒。
189	約客		宋	趙師秀	黃梅時節家家雨，青草池塘處處蛙。有約不來過夜半，間敲棋子落燈花。
190	送綦母潛落第還鄉		唐	王維	聖代無隱者，英靈盡來歸。遂令東山客，不得顧採薇。既至金門遠，孰云吾道非？江淮度寒食，京洛縫春衣。置酒長安道，同心與我違。行當浮桂棹，未幾拂荊扉。遠樹帶行客，孤城當落暉。吾謀適不用，勿謂知音稀？
191	夏日南亭懷辛大		唐	孟浩然	山光忽西落，池月漸東上。散髮乘夕涼，開軒臥閑敝。荷風送香氣，竹露滴清響。欲取鳴琴彈，恨無知音賞。感此懷故人，中宵勞夢想。
192	琴歌		唐	李頎	主人有酒歡今夕，請奏鳴琴廣陵客。月照城頭烏半飛，霜淒萬木風入衣。銅鑪華燭燭增輝，先彈淥水後楚妃。一聲已動物皆靜，四座無言星欲稀。清淮奉使千餘里，敢告雲山從此始。
193	望月懷遠		唐	張九齡	海上生明月，天涯共此時。情人怨遙夜，竟夕起相思。滅燭憐光滿，披衣覺露滋。不堪盈手贈，還寢夢佳期。
194	杜少府之任蜀川		唐	王勃	城闕輔三秦，風煙望五津。與君離別意，同是宦遊人。海內存知己，天涯若比鄰。無為在歧路，兒女共沾巾。
195	在獄詠蟬		唐	駱賓王	西陸蟬聲唱，南冠客思深。不堪玄鬢影，來對白頭吟。露重飛難進，風多響易沉。無人信高潔，誰為表予心？
196	多謝		現代	胡適	多謝你能來，慰我山中寂寞，伴我看山看月，過神仙生活。匆匆離別便經年，夢裏總相憶。人道應該忘了，我如何忘得！
197	你總有愛我的一天		現代	胡適	你總有愛我的一天！我能等著你的愛慢慢地長大。你手裏提的那把花，不也是四月下的種，六月才開的嗎？我如今種下滿心窩的種子，至少總有一兩粒生根發芽，開的花是你不要採的，不是愛，也許是一點兒喜歡罷。我墳上開的一朵紫羅蘭，愛的遺跡，你總會瞧他一眼：你那一眼嗎？抵得我千般苦惱了。死算什麼？你總有愛我的一天。
198	瓶花		現代	胡適	不是怕風吹雨打，不是羡燭照香熏。只喜歡那折花的人，高興和依親近。花瓣兒紛紛謝了，勞依親手收存，寄與伊心上的人，當一篇沒有字的書信。
199	也是微雲		現代	胡適	也是微雲，也是微雲過後月光明。只不見去年的遊伴，也沒有當日的心情。不願勾起相思，不敢出門看月。偏偏月進窗來，害我相思一夜。
200	陶淵明和他的五柳		現代	胡適	當年有個陶淵明，不愛性命只貪酒。骨硬不能深折腰，棄官歸來空兩手。甕中無米琴無弦，老妻嬌兒赤腳走。先生高吟自嘲諷，笑指門前五株柳：「看他風裏儘低昂，這樣腰肢我沒有！」
201	三年不見他		現代	胡適	三年不見他，就自信能把他忘了。今天又看見他，這久冷的心又發狂了。我終夜不成眠，縈想著他的愁，病，衰老。剛閉上了一雙倦眼，又只見他在莊嚴曼妙。我歡喜醒來，眼裏還噙著兩滴歡喜的淚，我忍不住笑出聲來，「你總是這樣叫人牽記！」
202	高夢旦先生六十歲生日		現代	胡適	他愛想問題，從不嫌問題太小。聖人立言救世，話不多不少。一生夢想大光明，六十不知老。這樣新鮮世界，多活幾年好。
203	祝馬君武先生五十生日		現代	胡適	樹蕙滋蘭意興，種桃釀蜜先生。一點一滴努力，滿倉滿屋收成。識路何嫌馬老？救國終待牛敦。活到八十九十，桃李盡出公門。
204	寫在贈唐瑛女士的扇子上		現代	胡適	靜裏細思量，畢竟算伊出色，經過疏狂豪逸，到然夷平實。許伊詩扇已三年，扇樣莫嫌舊。扇是前年買的，詩，今天才有。
205	夜坐		現代	胡適	夜坐聽潮聲，天地一般昏黑。只有潮頭打岸，湧起一層銀白。忽然海上放微光，好像月衝雲破。一點——— 兩點——— 三點——— 是漁船燈火。
206	十月九夜在西山		現代	胡適	許久沒有看見星兒這麼大，也沒有覺得他們離我這麼近。秋風吹過山坡上七八棵白楊，在滿天星光裏做出雨聲一陣。
207	獅子 —— 悼志摩		現代	胡適	獅子蜷伏在我的背後，軟綿綿的他總不肯走。我正要推他下去，忽然想起了死去的朋友。一隻手拍著打呼的貓，兩滴眼淚濕了衣袖。「獅子，你好好的睡罷，你也失掉了一個好朋友。」
208	讀了鷲峰寺的新舊碑記		現代	胡適	誰創此者？釋子深。誰中興此？法家林。五百年中事翻覆，惟有山水無古今。我遊此地獨心喜，佛若有靈亦應爾。建剎養僧修四禪，不如開山造林福百里。
209	戲和周吞明打油詩		現代	胡適	先生在家像出家，雖然弗著捨袈裟。能從骨董尋人味，不慣拳頭打死蛇。喫肉應防嚼朋友，打油莫待種芝麻。想來愛惜紹興酒，邀客高齋喫苦茶。
210	飛行小讚		現代	胡適	看盡柳州山，看遍桂林山水，天上不須半日，地上五千里。古人辛苦學神仙，要守百千戒。看我不修不煉，也騰雲無礙。
211	大青山公墓碑		現代	胡適	霧散雲開自有時，暫時埋沒不須悲。青山待我重來日，大寫青山第二碑。
212	哭丁在君		現代	胡適	明知一死了百願，無奈餘哀欲絕難。高談看月聽濤坐，從此終生無此歡！愛憎能作青白眼，嫵媚不嫌虯怒鬚。捧出心肝待朋友，如此風流一代無！
213	無心肝的月亮		現代	胡適	無心肝的月亮照著溝渠，也照著西山山頂。他照著飄搖的楊柳條，也照著瞌睡的「鋪地錦」。他不懂得你的喜歡，他也聽不見你的長歎。孩子，他不能為你勾留，雖然有時候他也吻著你的媚眼。孩子，你要可憐他，——可憐他跳不出他的軌道。你也應該學學他，看他無牽掛的多麼好。
214	扔了？		現代	胡適	煩惱竟難逃，——還是愛他不愛？兩鬢疏疏白髮，擔不了相思新債。低聲下氣去求他，求他扔了我。他說，「我唱我的歌，管你和也不和！」
215	一九三六年七月十六日從神戶到東京...		現代	胡適	霧鬢雲裾絕代姿，也能妖豔也能奇。忽然全被雲遮了，——待到雲開是幾時　——待到雲開是幾時　——
216	廿六年七月廿三日是高夢旦先生周年忌日		現代	胡適	九年後我重到廬山，山色泉聲都還如舊。每一個山頭，每一條瀑布，都叫我想念當年同遊的老朋友。他愛看高山大瀑布，就如同他愛看像個樣子的人。他病倒在遊三峽上峨眉的途中，他不懊悔他那追求不倦的精神。他不要我們哭他，他要我們向前，要我們高興。他要我們爬他沒有上過的高峰，追求他沒
217	從紐約省會回紐約市		現代	胡適	四百里的赫貞江，從容的流下紐約灣，恰像我的少年歲月，一去了永不回還。這江上曾有我的詩，我的夢，我的工作，我的愛。毀滅了的似綠水長流，留住了的似青山還在。
218	寄給在北平的一個朋友		現代	胡適	藏暉先生昨夜作一夢，夢見苦雨菴中吃茶的老僧，忽然放下茶鍾出門去，飄蕭一杖天南行。天南萬里豈不大辛苦？只為智者識得重與輕。——醒來我自披衣開窗坐，誰人知我此時一點相思情！
219	追哭徐新六		現代	胡適	拆開信封不忍看，信尾寫著「八月二十三」！密密的兩頁二十九行字，我兩次三次讀不完。「此時當一切一切以國家為前提」，這是他信裏的一句話。可憐這封信的墨跡才乾，他的一切已獻給了國家。我失去了一個最好的朋友，這人世丟了一個最可愛的人。（有一日力，盡一日力），我不敢忘記他的遺訓。
220	鈔新六遺書三篇題此詩		現代	胡適	三書不厭十回讀，今日重鈔淚滿巾。眼力最高心最細，如今何處有斯人！
221	題在自己的照片上送給陳光甫		現代	胡適	略有幾莖白髮，心情已近中年。做了過河卒子，只能拚命向前。
222	一枝箭一隻曲子		現代	胡適	我望空中射出了一枝箭，射出去就看不見了。他飛的那麼快，誰知道他飛的多麼遠了？我向空中唱了一隻曲子，那歌聲四散飄揚了。誰也不會知道，他飄到天的那一方了。過了許久許久的時間，我找著了那枝箭，釘在一棵老橡樹高頭，箭桿兒還沒有斸。那隻曲子，我休找著了，—— 說破了倒也不希奇，—— 那隻曲子，從頭到尾，記在一個朋友的心坎兒裏。
223	戲楊杏佛的大鼻子		現代	胡適	鼻子人人有，惟君大得凶。直懸一寶塔，倒掛兩煙囪。親嘴全無分，聞香大有功。江南一噴嚏，江北雨濛濛。
224	三年了		現代	胡適	三年了！究竟做了些什麼事體？空惹得一身病，添了幾歲年紀！
225	小詩		現代	胡適	開的花還不多，且把這一樹嫩黃的新葉當作花看罷。
226	進宮有感		現代	胡適	咬不開，搥不碎的核兒，關不住核兒裏的一點生意。百尺的宮牆，千年的禮教，鎖不住一個少年的心！
227	題半農買的黛玉葬花畫		現代	胡適	沒見過這樣淘氣的兩個孩子！不去爬樹鬥草同嬉戲！花落花飛飛滿天，干你倆人什麼事！
228	讀李慈銘的		現代	胡適	三間五間破屋，七石八石俸米。終年不上衙門，埋頭校經校史。前日衙門通告：明朝陪祭郊壇。偌大北京城裏，向誰去借朝冠？最恨「孝廉方正」，頗憐霞芬玉仙。常愁甕中無米，莫少諸郎酒手。買了一雙靴子，一著就是十年！當時二十四吊，今年二兩九錢。豬頭私祭財神，圖個「文章利市」。祭罷放串爆杖，趕出一夥窮鬼！
229	西湖		現代	胡適	十七年夢想的西湖，不能醫我的病，反使我病的更利害了！然而西湖畢竟可愛。輕煙籠著，月光照著，我的心也跟著湖光微蕩了。前天，伊卻未免太絢爛了！我們只好在船篷陰處偷覤著，不敢正眼看伊了。最好是密雲不雨的昨日：近山都變成遠山了，山頭的雲霧慢騰騰地捲上去。我沒有氣力去爬山，只能天天在小船上蕩來蕩去，靜瞧那湖山諸峰從容地移前退後。聽了許多毀謗伊的話而來，這回來了，只覺得伊更可愛，因而不捨得匆匆就離別了。
230	梅樹		現代	胡適	樹葉都帶著秋容了，但大多數都還在秋風裏撐持著。只有山前路上的許多梅樹，卻早已憔悴的很難看了。我們不敢笑他們早凋。讓他們早早休息好了，明年仍趕在百花之先開放罷！
231	別離		現代	胡適	不見也有不見的好處：我倒可以見著她，不怕有誰監著她，在我腦海的深窈處。我可以抱著她，親她的臉。雖然不見，抵得長相見。
232	題章士釗ヽ胡適合照		現代	胡適	「但開風氣不為師」，龔生此言吾最喜。同是曾開風氣人，願長相親不相鄙。
233	勸善歌		現代	胡適	少花幾個錢，多賣兩畝田，千萬買部好字典！牠跟你到天邊，只要你常常請教牠，包管你可以少丟幾次臉！
234	譯薛萊的小詩		現代	胡適	歌喉歇了，韻在心頭。紫羅蘭病了，香氣猶留。薔薇謝後，葉子還多。舖葉成茵，留給有情人坐。你去之後，情思長在，魂夢相依，慰此孤單的愛。
235	題凌叔華女士畫的雨後西湖		現代	胡適	一霎時雨都完了，雲都散了。誰料這雨後的湖山，已作了伊的畫稿，被伊留在人間了？九百五十年的塔也坍了，八萬四千卷的經也爛了。然而那蒼涼的塔影，引起來的許多詩意與畫意，卻永永在人間了。
236	八月四夜		現代	胡適	我指望一夜的大雨，把天上的星和月都遮了。我指望今夜喝得爛醉，把記憶和相思都滅了。人都靜了，夜已深了，雲也散乾淨了，——仍舊是淒清的明月照我歸去，——而我的酒又早已全醒了。酒已都醒，如何消夜永？
237	杜鵑		現代	胡適	長松鼓吹尋常事，最喜山花滿眼開。嫩紫鮮紅都可愛，此行應為杜鵑來。
238	小詞		現代	胡適	回首十年前，愛著江頭燕子。「一念十年不改」，記當時私誓。當年燕子又歸來，從此永相守。誰給我們作證？有雙雙紅豆。
239	和董康「柳之間吊秀次」詩		現代	胡適	一死不足惜，技拙乃可恥。要堂堂的生，莫狼狽的死。
240	答叔魯先生		現代	胡適	怪事今年格外多，分明詩哲變詩婆。小生久有溫存意，煩問詩婆她肯麼。
241	答丁在君		現代	胡適	頗悔三年不看山，遂教故紙老朱顏。只須留得童心在，莫問鬢毛斑未斑。
242	水仙		現代	胡適	陌生的筆跡，伴著水仙兩朵，使我開緘一笑，——是誰記念著我？郵印不分明，這謎無從猜想。我自臨風私祝，祝寄花人無恙。
243	無題		現代	胡適	我從不曾見過他的笑，我想他一定笑的很好。我不知道他是怎樣的人，我想他明麗像秋天的雲，我為他安排著一瓣心香，祈禱他不會叫我失望！
244	再和苦茶先生的打油詩		現代	胡適	老夫不出家，也不著袈裟。人間專打鬼，臂上愛蟠蛇。不敢充油默，都緣怕肉麻。能乾大碗酒，不品小鍾茶。
245	志摩答(　)詩		現代	胡適	隱處西樓已半春，綢繆未許有情人。非關木石無恩意，為恐東廂潑醋瓶。
246	答和在君		現代	胡適	亂世偷閑非易事，良朋久聚更艱難。高談低唱聽濤坐，六七年來無此歡。無多餘勇堪浮海，應有仙方可黑鬚。別後至今將七日，靈丹添得幾丸無？
247	題唐景崧先生遺墨		現代	胡適	南天民主國，回首一傷神。黑虎今何在？黃龍亦已陳。幾枝無用筆，半打有心人，畢竟天難補，滔滔四十春！
248	"苦茶先生又寄打油詩來,再疊韻答之"		現代	胡適	肯為黎渦斥朱子，先生大可著袈裟。笑他制欲如擒虎，那個閑情學弄蛇？絕代人才一邱貉，無多禪理幾斤麻。誰人會得尋常意，請到寒家喝盞茶。
249	題陳明菴畫「仿石田山水卷」		現代	胡適	繫艇岩邊垂釣，攜琴江上看山，寫出夢中境界，人間無此清閑。
250	打油詩		現代	胡適	是醉不是罪，先生莫看錯。這樣醉糊塗，不曾看見過！
251	譯 Michau 詩		現代	胡適	快要圓的新月掛在天空，皎潔的和十年前的一樣。好容易盼得你這時來，卻仍讓我獨自個兒賞！
252	和周豈明賀年詩		現代	胡適	可憐王小二，也要過新年。開口都成罪，抬頭沒有天！強梁還不死，委曲怎能全！羨煞知堂老，關門尚學仙。
253	題良豐相思岩		現代	胡適	相思江上相思岩，相思岩下相思豆。三年結子不嫌遲，一夜相思教人瘦。
254	賦得父子打蒼蠅		現代	胡適	父子打蒼蠅，各出一身汗。堂堂好男兒，莫作自了漢。
255	和范石湖題傳記		現代	胡適	不須吹斷去年春，秋葉春花已化塵。無奈有時還入夢，依然明麗似秋雲。非復當年雙鬢青，也無跌宕少年情。微餘一點溫馨意，爛縵朱霞傍晚明。
256	無題		現代	胡適	尋遍了車中，只不見他蹤跡。盡日清談高會，總空虛孤寂。明知他是不曾來，——不曾來最好。我也清閑自在，免得為他煩惱。
257	荅胡健中		現代	胡適	那有貓兒不叫春？那有蟬兒不鳴夏？那有蝦蟆不夜鳴？那有先生不說話？
258	少婦峰		現代	胡適	萬里來看少婦峰，登高但見雪迷濛。只見雪密雲深裏，永保仙人萬古容。
259	四十七歲生日		現代	胡適	賣藥遊方廿二年，人間浪說小神仙。於今迴向人間去，洗淨蓬萊再上天。
260	賀元任ヽ□卿銀婚紀念的小詩		現代	胡適	蜜蜜甜甜二十年，人人都說好姻綠。新娘欠我香香禮，記得還時要利錢！
261	無題		現代	胡適	電報尾上他加了一個字，我看了百分高興。樹枝都像在跟著我發瘋。凍風吹來，我也不覺冷。風呵，你儘管吹！枯葉呵，你飛一個痛快！我要細細的想想他，因為他那個字是「愛」！
262	*		宋	陸放翁	江閣欲開千尺像，雲龕先定此規模。斜陽徙倚空長歎：嘗試成功自古無。
263	蝴蝶		現代	胡適	兩個黃蝴蝶，雙雙飛上天。不知為什麼，一個忽飛還。剩下那一個，孤單怪可憐。也無心上天，天上太孤單。
264	他 (思祖國也)		現代	胡適	你心裏愛他，莫說不愛他。要看你愛他，且等人害他。倘有人害他，你如何對他？倘有人愛他，更如何待他？
265	中秋		現代	胡適	小星躲盡大星少，果然今夜清光多！夜半月從江上過，一江江水變銀河。
266	虞美人		現代	胡適	先生幾日魂顛倒，他的書來了！雖然紙短卻情長，帶上兩三白字又何妨？可憐一對癡兒女，不慣分離苦。別來還沒幾多時，早已書來細問幾時歸！
267	江上		現代	胡適	雨腳渡江來，山頭衝霧出。雨過霧亦收，江樓看落日。
268	十二月五夜月		現代	胡適	明月照我床，臥看不肯睡。窗上青藤影，隨風舞娟媚。我愛明月光，更不想什麼。月可使人愁，定不能愁我。月冷寒江靜，心頭百念消。欲眠君照我，無夢到明朝！
269	沁園春		現代	胡適	棄我去者，二十五年，不可重來。看江明雪霽，吾當壽我，且須高詠，不用啣杯。種種從前，都成今我，莫更思量更莫哀。從今後，要怎麼收獲，先那麼栽。忽然異想天開，似天上諸仙采藥回。有丹能卻老，鞭能縮地，芝能點石，觸處金堆。我笑諸仙，諸仙笑我。敬謝諸仙我不才，葫蘆裏也有些微物，試與君猜。
270	寒江		現代	胡適	江上還飛雪，遙山霧未開。浮冰三百畝，載雪下江來。
271	生查子		現代	胡適	前度月來時，仔細思量過。今度月重來，獨自臨江坐。風打沒遮樓，月照無眠我。從來沒見他，夢也如何做？
272	景不徙篇		現代	胡適	飛鳥過江來，投影在江水。鳥逝水長流，此影何嘗徙？風過鏡平湖，湖面生輕縐。湖更鏡平時，畢竟難如舊。為他起一念，十年終不改。有召即重來，若亡而實在。
273	將歸詩之一 —— 朋友篇		現代	胡適	粗飯還可飽，破衣不算醜。人生無好友，如身無足手。吾生所交遊，益我皆最厚。少年恨污俗，反與污俗偶。自視六尺軀，不值一杯酒。倘非朋友力，吾醉死已久。從此謝諸友，立身重抖擻。去國今七年，此意未敢負。新交遍天下，難細數誰某。所最敬愛者，也有七八九。學理互分剖，過失賴彈糾。清夜每自思，此身非吾有：一半屬父母，一半屬朋友。便即此一念，足鞭策吾後。今當重歸來，為國效奔走。可憐程鄭張，少年骨已朽。作歌謝吾友，泉下人知否？
274	將歸詩之二 —— 文學篇 (2-1)		現代	胡適	我初來此邦，所志在耕種。文章真小技，救國不中用。帶來千卷書，一一盡分送。種菜與種樹，往往來入夢。忽忽復幾時，忽大笑吾癡。救國千萬事，何事不當為？而吾性所適，僅有一二宜。逆天而拂性，所得終希微。從此改所業，講學復議政。故國方新造，紛爭久未定。學以濟時艱，要與時相應。文章盛世事，今日何消問？明年任與楊，遠道來就我。山城風雪夜，枯坐殊未可。烹茶更賦詩，有倡還須和。詩爐久灰冷，從此生新火。
275	將歸詩之二 —— 文學篇 (2-2)		現代	胡適	前年任與梅，聯盟成勁敵。與我論文學，經歲猶未歇。吾敵雖未降，吾志乃更決。暫不與君辯，且著嘗試集。回首四年來，積詩可百首。做詩的興味，大半靠朋友：佳句共欣賞，論難見忠厚。如今遠別去，此樂難再有。暫別不須悲，諸君會當歸。請與諸君期：明年荷花時，春申江之湄，有酒盈清卮，無客不能詩，同作歸來辭！
276	百字令		現代	胡適	幾天風霧，險些兒把月圓時孤負。待得他來，又還被如許浮雲遮住！多謝天風，吹開明月，萬頃銀波怒！孤舟載月，海天衝浪西去！念我多少故人，如今都在明月飛來處。別後相思如此月，繞遍地球無數！幾顆疏星，長天空闊，有濕衣涼露。低頭自語：「吾鄉真在何許？」
277	鴿子		現代	胡適	雲淡天高，好一片晚秋天氣！有一群鴿子，在空中遊戲。看他們三三兩兩，迴環來往，夷猶如意，—— 忽地裏，翻身映日，白羽襯青天，十分鮮麗！
278	三溪路上大雪裏一個紅葉		現代	胡適	雪色滿空山，抬頭忽見你！我不知何故，心裏狠歡喜。踏雪摘下來，夾在小書裏。還想做首詩，寫我歡喜的道理。不料此理狠難寫，抽出筆來還擱起。
279	新婚雜詩 (5-1)		現代	胡適	十三年沒見面的相思，於今完結。把一樁樁傷心舊事，從頭細說。你莫說你對不住我，我也不說我對不住你，—— 且牢牢記取這十二月三十夜的中天明月！
280	新婚雜詩 (5-2)		現代	胡適	回首十四年前，初春冷雨中簫鼓，有個人來看女婿。匆匆別後，便輕將愛女相許。只恨我十年作客，歸來遲暮，到如今，待雙雙登堂拜母，只剩得荒草孤墳，斜陽淒楚！最傷心，不堪重聽，燈前人訴，阿母臨終語！
281	新婚雜詩 (5-3)		現代	胡適	重山疊嶂，都似一重重奔濤東向！山腳下幾個村鄉，一百年來多少興亡，不堪回想！——更不須回想！想十萬萬年前，這多少山頭，都不過是大海裏一些兒微波暗浪！
282	新婚雜詩 (5-4)		現代	胡適	記得那年，你家辦了嫁粧，我家備了新房，只不曾捉到我這個新郎！這十年來，換了幾朝帝王，看了多少興亡，銹了你嫁奩中的刀剪，改了你多嫁衣新樣，更老了你和我人兒一雙！—— 只有那十年陳的爆竹，越陳偏越響！
283	新婚雜詩 (5-5)		現代	胡適	十幾年的相思剛才完結，沒滿月的夫妻又匆匆分別。昨夜嬁前絮語，全不管天上月圓月缺。今宵別後，便覺得這窗前明月，格外清圓，格外親切！你該笑我，飽嘗了作客情懷，別離滋味，還逃不了這個時節！
284	四月二十五夜		現代	胡適	吹了燈兒，捲開窗幕，放進月光滿地。對著這般月色教我要睡也如何睡！我待要起來遮著窗兒，推出月光，又覺得有點對他月亮兒不起。我終日裏講王充，仲長統，阿里士多德，愛比苦拉斯，......幾乎全忘了我自己！多謝你殷勤好月，提起我過來哀怨，過來情思。我就千思萬想，直到月落天明，也甘心願意！怕明朝，雲密遮天，風狂打屋，何處能尋你！
285	看花		現代	胡適	院子裏開著兩朵玉蘭花，三朵月季花。紅的花，紫的花，襯著綠葉，映著日光，怪可愛的。沒人看花，花還是可愛。但是我看花，花也好像更高興了。我不看花，也不怎麼。但我看花時，我也更高興了。還是我因為見了花高興，故覺得花休高興呢？還是因為花見了我高興，故我也高興呢？
286	如夢令		現代	胡適	他把門兒深掩，不肯出來相見。難道不關情？怕是因情生怨。休怨！休怨！他日憑君發遣。幾次曾看小像，幾次傳書來往，見見又何妨！休做女孩兒相。凝想，凝想，想是這般模樣！天上風吹雲破，月照你我兩個。問你去年時，為甚閉門深躲？「誰躲？誰躲？那是去年的我！」
287	民國七年十二月一日奔喪到家		現代	胡適	往日歸來，纔望見竹竿尖，纔望見石村，便心頭亂跳，遙知前面，老親望我，含淚相迎。「來了？好呀！」——更無別話，說盡心頭歡喜悲酸無限情。偷回首，揩乾淚眼，招呼茶飯，款待歸人。今朝，——依舊竹竿尖，依舊溪橋，——只竹了我的心頭狂跳！——何消說一世的深恩未報！何消說十年來的家庭夢想，都一一雲散煙銷！——只今日到家時，更何處能尋他那一聲「好呀，來了！」
288	關不住了		現代	胡適	我說：「我把心收起，像人家把門關了，叫愛情生生的餓死，也許不再和我為難了。」但是五月的濕風，時時從屋頂上吹來。還有那街上的琴調一陣陣的飛來。一屋裏都是太陽光，這時候愛情有點醉了，他說：「我是關不住的，我要把你的心打碎了！」
289	應該		現代	胡適	他也許愛我，——也許還愛我，——但他總勸我莫再愛他。他常常怪我。這一天，他眼淚汪汪的望著我，說道：「你如何還想著我？想著我，你又如何能對他？你要是當真愛我，你應該把愛我的心愛他，你應該把待我的情待他。」他的話句句都不錯：——上帝幫我！我「應該」這樣做！
290	一顆星兒		現代	胡適	我喜歡你這顆頂大的星兒。可惜我叫不出你的名字。平日月明時，月光遮盡了滿天星，總不能遮住你。今天風雨後，悶沉沉的天氣，我望遍天邊，尋不見一點半點光明，回轉頭來，只有你在那楊柳高頭依舊亮晶晶地。
291	我的兒子		現代	胡適	我實在不要兒子，兒子自己來了。「無後主義」的招牌，於今掛不起來了！譬如樹上開花，花落偶然結果。那果便是你，那樹更是我。樹本無心結子，我也無恩於你。但是你即來了，我不能不養你教你，那是我對人道的義務，並不是待你的恩誼。將來你長大時，莫忘了我怎樣教訓兒子：我要你做一個堂堂的人，不要你做我的孝順兒子。
292	紀夢		現代	胡適	夢裏得他書，稱呼太客氣：上面稱先生，自己稱名字。我初頗介意，轉念還喜歡。有書終勝無，遠道得書難。老友久離別，相思不消說。三年夢一書，醒來書也無。
293	蔚藍的天上		現代	胡適	蔚藍的天上，這裏那裏浮著兩三片白雲。暖和的日光斜照著一層一層的綠樹，斜照著黃澄澄的琉璃瓦：——只有那望不盡的紅牆，襯得住這些顏色！下邊，一湖新出水的荷葉，在涼風裏笑的狂抖。那黝綠的湖水也吹起幾點白浪，陪著那些笑彎了腰的綠衣女郎微笑！
294	一笑		現代	胡適	十幾年前，一個人對我笑了一笑。我當時不懂得什麼，只覺得他笑的很好。那個人後來不知怎樣了，只是他那一笑還在：我不怛忘不了他，還覺得他越久越可愛。我借他做了許多情詩，我替他想出種種境地：有的人讀了傷心，有的人讀了歡喜。歡喜也罷，傷心也罷，其實只是那一笑我也許不會再見著那笑的人，但我很感謝他笑的真好。
295	我們三個朋友		現代	胡適	雲全消了，春將到了，只是寒威如舊。冷風怒號，萬松狂嘯，伴著我們三個朋友。風稍歇了，人將別了，——我們三個朋友。寒流禿樹，溪橋人語，——此會何時重有？別三年了！月半圓了，照著一湖荷葉。照著鐘山，照著臺城，照著高樓清絕。別三年了，又是一種山川了，——依舊我們三個朋友。此景無雙，此日最難忘，——讓我的新詩祝你們長壽！
296	湖上		現代	胡適	水上一個螢火，水裏一個螢火，平排著，輕輕地，打我們的船邊飛過。他們倆兒越飛越近，漸漸地併作了一個。
297	藝術		現代	胡適	我忍著一副眼淚，扮演了幾場苦戲。一會兒替人傷心，一會兒替人著急。我是一個多情的人，這副眼淚如何忍得？做到了最傷心處，我的眼淚熱滾滾的直滴。台下的人看見了，不住的拍手叫好。他們看他們的戲，那懂得我的煩惱？
298	夢與詩		現代	胡適	都是平常經驗，都是平常影像，偶然湧到夢中來，變幻出多少新奇花樣！都是平常情感，都是平常言語，偶然碰著個詩人，變幻出多少新奇詩句！醉過方知酒濃，愛過方知情重 —— 你不能做我的詩，正如我不能做你的夢。
299	十一月二十四夜		現代	胡適	老槐樹的影子在月光的地上微晃。棗樹上還有幾個乾葉，時時做出一種沒氣力的聲響。西山的秋色幾回招我，不幸我被我的病拖住了。現在他們說我快要好了，那幽豔的秋天早已過去了。
300	醉與愛		現代	胡適	你醉裏何嘗知酒力？你只和衣倒下就睡了。你醒來自己笑道，「昨晚當真喝醉了！」愛裏也只是愛，——和酒醉很相像的。直到你後來追想，「哦！愛情原來是這麼樣的！」
301	希望		現代	胡適	我從山中來，帶來蘭花草。種在小園中，希望開花好。一日望三回，望到花時過。急壞看花人，苞也無一個。眼見秋天到，移花供在家。明年春風回，祝汝滿盆花！
302	晨星篇 (3-1)		現代	胡適	我們去年那夜，豁蒙樓上同坐。月在鍾山頂上，照見我們三個。我們吹了燭光，放進月光滿地。我們說話不多，只覺得許多詩意。我們做了一首詩，——一首沒有字的詩，先寫著黑暗的夜，後寫著晨光來遲。在那欲去未去的夜色裏，我們寫著幾顆小晨星，雖沒有多大的光明，也使那早行的人高興。鍾山上的月色和我們別了一年多了。他這回照見你們，定要笑我們這一年匆匆過了。他念著我們的舊詩，問道：「你們的晨星呢？四百個長夜過去了，你們造的光明呢？」
303	晨星篇 (3-2)		現代	胡適	"我的朋友們,我們要暫時分別了。「珍重珍重」的話,我也不再說了。 —— 在這欲去未去的夜色裏,努力造幾顆小晨星。雖沒有多大的光明,也使那早行的人高興!"
304	去國行		現代	胡適	木葉去故枝，遊子將遠離。故人與昆弟，送我江之湄。執手一為別，慘愴不能辭。從茲萬里役，況復十年歸！金風正蕭瑟，別淚沾客衣。丈夫宜壯別，而我獨何為　扣舷一凝睇，一髮是中原。揚冠與汝別，征衫有淚痕。高邱豈無女，猙獰百鬼蹲。蘭蕙日荒穢，群盜滿國門。搴裳渡重海，何地招汝魂！揮淚重致詞：祝汝長壽年！
305	翠樓吟		現代	胡適	霜梁寒林，風摧敗葉，天涯第一重九。登臨山徑曲，聽萬壑松濤驚吼。山前山後，更何處能尋黃花茱酒　沉吟久，溪橋歸晚，夕陽遙岫。應念鱸膾蓴羹，祗季鷹羈旅，此言終負。故園三萬里，但夢裏桑麻柔茂。最難回首，願丁令歸來，河山如舊！今何有，倚樓遊子，淚痕盈袖。
306	水龍吟		現代	胡適	無邊橡紫榆黃，更青青映松無數。平生每道，一年佳景，莫如秋暮。傾倒天工，染渲秋色，清新如許。使詞人憨絻，殷殷私祝：「秋無恙，秋常住！」悽愴都成願。有西風任情相妒。蕭颼木末，亂楓爭墜，紛紛如雨。風捲平蕪，淺黃新赭，一時飛舞。且徘徊，陌上溪頭，黯黯看秋歸去。
307	老樹行		現代	胡適	道旁老樹吾所思，軀幹十抱龍髯枝，藹然俛視長林卑。冬風挾雪捲地起，撼樹兀兀不可止，行人疾走敢仰視　春回百禽還來歸，枝頭好鳥天籟奇，謂卿高唱我和之。狂風好鳥年年事：—— 既鳥語所不能媚，亦不因風易高致。
308	秋柳		現代	胡適	但見蕭颼萬葉摧，尚餘垂柳拂人來。西風莫笑長條弱，也向西風舞一回。
309	感遇 (其一)		唐	張九齡	孤鴻海上來，池潢不敢顧。側見雙翠鳥，巢在三珠樹。矯矯珍木巔，得無金丸懼？美服患人指。高明逼神惡。今我遊冥冥，弋者何所慕？
310	感遇 (其二)		唐	張九齡	蘭葉春葳蕤，桂花秋皎潔。欣欣此生意，自爾為佳節。誰知林棲者？聞風坐相悅。草木有本心，何求美人折？
311	感遇 (其三)		唐	張九齡	幽人歸獨臥，滯慮洗孤清。持此謝高鳥，因之傳遠情。日夕懷空意，人誰感至精？飛沉理自隔，何所慰吾誠？
312	感遇 (其四)		唐	張九齡	江南有丹橘，經冬猶綠林。豈伊地氣暖？自有歲寒心。可以薦嘉客，奈何阻重深？運命惟所遇，循環不可尋。徒言樹桃李，此木豈無陰？
313	下終南山過斛斯山人宿置酒		唐	李白	暮從碧山下，山月隨人歸。卻顧所來徑，蒼蒼橫翠微。相攜及田家，童稚開荊扉。綠竹入幽徑，青蘿拂行衣。歡言得所憩，美酒聊共揮。長歌吟松風，曲盡河星稀。我醉君復樂，陶然共忘機。
314	春思		唐	李白	燕草如碧絲，秦桑低綠枝。當君懷歸日，是妾斸腸時。春風不相識，何事入羅幃？
315	望岳		唐	杜甫	岱宗夫如何？齊魯青未了。造化鍾神秀，陰陽割昏曉。盪胸生層雲，決眥入歸鳥。會當凌絕頂，一覽眾山小。
316	贈衛八處士		唐	杜甫	人生不相見，動如參與商。今夕復何夕？共此燈燭光。少壯能幾時？鬢髮各已蒼。訪舊半為鬼，驚呼熱中腸。焉知二十載，重上君子堂。昔別君未婚，兒女忽成行。怡然敬父執，問我來何方。問答乃未已，驅兒羅酒漿。夜雨剪春韭，新炊間黃粱。主稱會面難，一舉累十觴。十觴亦不醉，感子故意長。明日隔山岳，世事兩茫茫。
317	佳人		唐	杜甫	絕代有佳人，幽居在空谷。自云良家子，零落依草木。關中昔喪亂，兄弟遭殺戳。官高何足論？不得收骨肉。世情惡衰歇，萬事隨轉燭。夫婿輕薄兒，新人美如玉。合昏尚知時，鴛鴦不獨宿。但見新人笑，那聞舊人哭。在山泉水清，出山泉水濁。侍婢賣珠迴，牽蘿補茅屋。摘花不插髮，采柏動盈掬。天寒翠袖薄，日暮倚修竹。
318	夢李白 (其一)		唐	杜甫	死別已吞聲，生別長惻惻。江南瘴癘地，逐客無消息。故人入我夢，明我長相憶。君今在羅網，何以有羽翼？恐非平生魂，路遠不可測。魂來楓林青，魂返關山黑。落月滿屋樑，猶疑照顏色。水深波浪闊，無使蛟龍得。
319	夢李白 (其二)		唐	杜甫	浮雲終日行，遊子久不至。三夜頻夢君，情親見君意。告歸常局促，苦道來不易。江湖多風波，舟楫恐失墜。出門搔白首，苦負平生志。冠蓋滿京華，斯人獨憔悴。孰云網恢恢？將老身反累! 千秋萬歲名，寂寞身後事。
320	青谿		唐	王維	言入黃花川，每逐青谿水。隨山將萬轉，趣途無百里。聲喧亂百中，色靜深松裏。漾漾汎菱荇，澄澄映葭葦。我心素已閒，清川澹如此。請留盤石上，垂釣將已矣。
321	渭川田家		唐	王維	斜陽照墟落，窮巷牛羊歸。野老念牧童，倚杖候荊扉。雉雊麥苗秀，蠶眠桑葉稀。田夫荷鋤至，相見語依依。即此羨閒逸，悵然吟式微。
322	西施詠		唐	王維	艵色天下重，西施寧久微？朝為越溪女，暮作吳宮妃。賤日豈殊眾？貴來方悟稀。邀人傅香粉，不自著羅衣。君寵益驕態，君憐無是非。當時浣紗伴，莫得同車歸。持謝鄰家子，效顰安可希？
323	秋登蘭山寄張五		唐	孟浩然	北山白雲裏，隱者自相悅。相望試登高，心隨雁飛滅。愁因薄暮起，興是清秋發。時見歸村人，沙行渡頭歇。天邊檥若薺，江畔洲如月。何當載酒來，共醉重陽節。
324	尋西山隱者不遇		唐	邱為	絕頂一茅茨，直上三十里。扣關無僮僕，窺室惟茶几。若非巾柴車？應是釣秋水。差池不相見，黽勉空仰止。草色新雨中，松聲晚窗裏。及茲契幽絕，自足蕩心耳。雖無賓主意，頗得清淨理。興盡方下山，何必待之子。
325	春泛若耶溪		唐	綦毋潛	幽意無斷絕，此去隨所偶。晚風吹行舟，花路入溪口。際夜轉西壑，隔山望南斗。潭煙飛溶溶，林月低向後。生事且瀰瀰，願為持竿叟。
326	宿王昌齡隱居		唐	常建	清溪深不測，隱處惟孤雲。松際露微月，清光猶為君。茅亭宿花影，藥院滋苔紋。余亦謝時去，西山鸞鶴群。
327	與高適薛據登慈恩寺浮圖		唐	岑參	"塔勢如湧出,孤高聳天宮。登臨出世界,磴道盤虛空。突兀壓神州,崢嶸如鬼工。四角礙白日,七層摩蒼穹。下窺指高鳥,俯聽聞驚風。連山若波濤,奔湊如朝東。青槐夾馳道,宮館何玲瓏？秋色從西來,蒼然滿關中。五陵北原上,萬古青濛濛。淨理了可悟,勝因夙所宗。誓將挂冠去,覺道資無窮。"
328	賊退示官吏		唐	元結	昔年逢太平，山林二十年。泉源在庭戶，洞壑當門前。井稅有常期，日晏猶得眠，忽然遭世變，數歲親戎旃。今來並斯郡，山夷又紛然。城小賊不屠，人貧傷可憐？是以陷鄰境，此州獨見全。使臣將王命，豈不如賊焉？令彼徵歛者，迫之如火煎。誰能絕人命？以作時世賢。思欲委符節，引竿自刺船。將家就魚麥，歸老江湖邊。
329	郡齋中雨與諸文士燕集		唐	韋應物	兵衛森畫戟，宴寢凝清香。海上風雨至，逍遙池閣涼。煩痾近消散，嘉賓復滿堂。自慚居處崇，未瞻斯民康。理會是非遣，性達形跡忘。鮮肥屬時禁，蔬果幸見嘗。俯飲一杯酒，仰聆金玉章。神歡體自輕，意欲凌風翔。吳中盛文史，群彥今汪洋。方知大藩地，豈曰財賦強？
330	初發揚子寄元大校書		唐	韋應物	悽悽去親愛，泛泛入煙霧。歸棹洛陽人，殘鐘廣陵樹。今朝為此別，何處還相遇？世事波上舟，沿洄安得住？
331	寄全椒山中道士		唐	韋應物	今朝郡齋冷，忽念山中客。澗底束荊薪，歸來煮白百。欲持一瓢酒，遠慰風雨夕。落葉滿空山，何處尋行跡？
332	長安遇馮著		唐	韋應物	客從東方來，衣上灞陵雨。問客何為來？采山因買斧。冥冥花正開，颺颺燕新乳。昨別今已春，鬢絲生幾縷。
333	夕次盱眙縣		唐	韋應物	落帆逗淮鎮，停舫臨孤驛。浩浩風起波，冥冥日沉夕。人歸山郭暗，雁下蘆洲白。獨夜憶秦關，聽鐘未眠客。
334	東郊		唐	韋應物	吏舍跼終年，出郭曠清曙。楊柳散和風，青山澹吾慮。依叢適自憩，緣澗還復去。微雨靄芳原，春鳩鳴何處？樂幽心屢止，遵事跡猶遽。終罷斯結廬，慕陶直可庶。
335	送楊氏女		唐	韋應物	永日方慼慼，出行復悠悠。女子今有行，大江泝輕舟。爾輩苦無恃，撫念益慈柔。幼為長所育，兩別泣不休。對此結中腸，義往難復留。自小闕內訓，事姑貽我憂。賴茲托令門，仁卹庶無尤。貧儉誠所尚，資從豈待周！孝恭遵婦道，容止順其猷。別離在今晨，見爾當何秋？居閒始自遣，臨感忽難收。歸來視幼女，零淚緣纓流。
336	晨詣超師院讀禪經		唐	柳宗元	汲井漱寒齒，清心拂塵服，閒持貝葉書，步出東齋讀。真源了無取，妄跡世所逐。遺言冀可冥，繕性何由熟？道人庭宇靜，苔色連深竹。日出霧露餘，青松如膏沐。淡然離言說，悟悅心自足。
337	溪居		唐	柳宗元	久為簪組束，幸此南夷謫。閒依農圃鄰，偶似山林客。曉耕翻露草，夜榜響谿石。來往不逢人，長歌楚天碧。
338	塞上曲		唐	王昌齡	蟬鳴空桑林，八月蕭關道。出塞復入塞，處處黃蘆草。從來幽并客，皆共塵沙老。莫學游俠兒，矜誇紫騮好。
339	塞下曲		唐	王昌齡	飲馬渡秋水，水寒風似刀。平沙日未沒，黯黯見臨洮。昔日長城戰，咸言意氣高。黃塵足今古，白骨亂蓬蒿。
340	關山月		唐	李白	明月出天山，蒼茫雲海間。長風幾萬里，吹度玉門關。漢下白登道，胡窺青海灣。由來征戰地，不見有人還。戍客望邊邑，思歸多苦顏。高樓當此夜，嘆息未應閒。
341	子夜秋歌		唐	李白	長安一片月，萬戶擣衣聲。秋風吹不盡，總是玉關情。何日平胡虜？良人罷遠征。
342	長干行		唐	李白	妾髮初覆額，折花門前劇。郎騎竹馬來，繞床弄青梅。同居長干里，兩小無嫌猜。十四為君婦，羞顏未嘗開。低頭向暗壁，千喚不一回。十五始展眉，願同塵與灰。常存抱柱信，豈上望夫臺？十六君遠行，瞿塘灩澦堆。五月不可觸，猿聲天上哀。門前遲行跡，一一生綠苔。苔深不能掃，落葉秋風早。八月蝴蠂黃，雙飛西園草。感此傷妾心，坐愁紅顏老。早晚下三巴，預將書報家。相迎不道遠，直至長風沙。
343	烈女操		唐	孟郊	梧桐相待老，鴛鴦會雙死。貞婦貴殉夫，捨生亦如此。波瀾誓不起，妾心古井水。
344	遊子吟		唐	孟郊	慈母手中線，遊子身上衣。臨行密密縫，意恐遲遲歸。誰言寸心，報得三春暉？
345	登幽州臺歌		唐	陳子昂	前不見古人，後不見來者。念天地之悠悠，獨愴然而淚下。
346	古意		唐	李頎	男兒事長征，少小幽燕客。賭勝馬蹄下，由來輕七尺。殺人莫敢前，鬚如蝟毛磔。黃雲隴底白雲飛，未遼東小婦年十五，慣彈琵琶解歌舞。今為羌笛出塞聲，使我三軍淚如雨。
347	送陳章甫		唐	李頎	四月南風大麥黃，棗花未落桐葉長。青山朝別暮還見，嘶馬出門思故鄉。陳侯立身何坦蕩？虯鬚虎眉仍大顙。腹中貯書一萬卷，不肯低頭在草莽。東門酤酒我曹，心輕萬事如鴻毛。醉臥不知白日暮，有時望孤雲高。長河浪頭連天黑，津吏停舟渡不得。鄭國遊人未及家，洛陽行子空嘆息。聞道故林相識多，罷官昨日今如何。
348	聽董大彈胡笳兼寄語弄房給事		唐	李頎	"蔡女昔造胡茄聲,一彈一十有八拍。胡人落淚沾邊草,漢使斷腸對歸客。古戍蒼蒼烽火寒,大荒沈陰飛雪白。先拂商弦後角羽,四郊秋葉驚慼慼。董夫子,通神明,深松竊聽來妖精。言遲更速皆應手,將往復旋如有情。空山百鳥散還合,萬里浮雲陰且晴。嘶酸雛雁失群夜,斷絕胡兒戀母聲。川為靜其波，鳥亦罷其鳴。烏珠部落家鄉遠，邏娑沙塵哀怨生。幽音變調忽飄灑，長風吹林雨墮瓦。迸泉颯颯飛木末，野鹿呦呦走堂下。長安城連東掖垣，鳳凰池對青瑣門。高才脫略名與利，日夕望君抱琴至。"
349	聽安萬善吹觱篥歌		唐	李頎	南山截竹為觱篥，此樂本自龜茲出。流傳漢地曲轉奇，涼州胡人為我吹。傍鄰聞者多嘆息，遠客思鄉皆淚垂。世人解聽不解賞，長飆風中自來往。枯桑老柏寒颼飀，九雛鳴鳳亂啾啾。龍吟虎嘯一時發，萬籟百泉相與秋。忽然更作漁陽滲，黃雲蕭條白日暗。變調如聞楊柳春，上林繁花照眼新。歲夜高堂列明燭，美酒一杯聲一曲。
350	夜歸鹿門歌		唐	孟浩然	山寺鳴鐘晝已昏，漁梁渡頭爭渡喧。人隨沙岸向江村，余亦乘舟歸鹿門。鹿門月照開煙樹，忽到龐公棲隱處。岩扉松逕長寂寥，惟有幽人自來去。
351	廬山謠寄盧侍御虛舟		唐	李白	我本楚狂人，狂歌笑孔丘。手持綠玉杖，朝別黃鶴樓。五岳尋山不辭遠，一生好入名山遊。廬山秀出南斗傍，屏風九疊雲錦張。影落明湖青黛光，金闕前開二峰長。銀河倒挂三石梁，香爐瀑布遙相望。迴崖沓障凌蒼蒼，翠影紅霞映朝日，鳥飛不到吳天長。登高壯觀天地間，大江茫茫去不還。黃雲萬里動風色，白波九道流雪山。好為廬山謠，興因廬山發。閒窺石鏡清我心，謝公行處蒼苔沒。早服還丹無世情，琴心三疊道初成。遙見仙人彩雲裏，手把芙蓉朝玉京。先期汗漫九垓上，願接盧敖遊太清。
352	夢遊天姥吟留別 (3-1)		唐	李白	海客談瀛洲，煙濤微茫信難求。越人語天姥，雲霞明滅或可睹。天姥連天自天橫，勢拔五岳掩赤城。天臺四萬八千丈，對此欲倒東南傾。我欲困之夢吳越，一夜飛渡鏡湖月。湖月照我影，送我至剡溪。謝公宿處今尚在，綠水蕩漾清猿啼。腳著謝公屐，身登青雲梯。
353	夢遊天姥吟留別 (3-2)		唐	李白	半壁見海日，空中聞天雞。千岩萬壑路不定，迷花倚百忽已暝。熊咆龍吟殷岩泉，慄深林兮驚層巔。雲青青兮欲雨，水澹澹兮生煙。列缺霹靂，邱巒崩摧，洞天石扉，訇然中開。青冥浩蕩不見底，日月照耀金銀臺。霓為衣兮風為馬，雲之君兮紛紛而來下。虎鼓瑟兮鸞回車，仙之人兮列如麻
354	夢遊天姥吟留別 (3-3)		唐	李白	忽魂悸兮魄動，怳驚起而長嗟。惟覺時之枕席，失向來之煙霞。世間行樂亦如此，古來萬事東流水。別君去兮何時還？且放白鹿青崖間。須行即騎訪名山，安能摧眉折腰事權貴，使不得開心顏？
355	金陵酒肆留別		唐	李白	風吹柳花滿店香，吳姬壓酒喚客嘗。金陵子弟來相送，欲行不行各盡觴。請君試問東流水，別意與之誰短長？
356	宣州謝朓樓餞別校書叔雲		唐	李白	棄我去者，昨日之日不可留。亂我心者，今日之日多煩憂。長風萬里送秋雁，對此可以酣高樓。蓬萊文章建安骨，中間小謝又清發，俱懷逸興壯思飛，欲上青天攬明月。抽刀斷水水更流，舉杯消愁愁更愁。人生在世不稱意，明朝散髮弄扁舟。
357	走馬川行奉送封大夫出師西征		唐	岑參	君不見，走馬川行雪海邊，平沙莽莽黃入天。輪臺九月風夜吼，一川碎石大如斗。隨風滿地石亂走，匈奴草黃馬正肥。金山西見煙塵飛，漢家大將西出師。將軍金甲夜不脫，半夜軍行戈相撥。風頭如刀面如割，馬毛帶雪汗氣蒸。五花連錢旋作冰，幕中草檄硯水凝。虜騎聞之應膽懾，料知短兵不敢接， 軍師西門佇獻捷。
358	輪臺歌奉送封大夫出師西征		唐	岑參	輪臺城頭夜吹角，輪臺城北旄頭落。羽書昨夜過渠黎，單于已在金山西。戍樓西望煙塵黑，漢兵屯在輪臺北。上將擁旄西出征，平明吹笛大軍行。四邊伐鼓雪海湧，三軍大呼陰山動。虜塞兵氣連雲屯，戰場白骨纏草根。劍河風急雲片闊，沙口石凍馬蹄脫。亞相勤王甘苦辛，誓將報國靜邊塵。古來青史誰不見？今見功名勝古人。
359	白雪砍送武判官歸		唐	岑參	北風捲地白草折，胡天八月即飛雪。忽如一夜春風來，千樹萬樹梨花開。散入珠簾濕羅幕，孤裘不暖錦衾薄。將軍角弓不得控，都護鐵衣冷猶著。瀚海闌干百丈冰，愁雲滲澹萬里凝。中軍置酒飲歸客，胡琴琵琶與羌笛。紛紛暮雪下轅門，風掣紅旗凍不翻。輪臺東門送君去，去時雪滿天山路。山迴路轉不見君，雪上空留馬行處。
360	韋諷錄事宅觀曹將軍畫馬圖 (3-1)		唐	杜甫	"國初已來畫鞍馬,神妙獨數江都王。將軍得名三十載,人間又見真乘黃。曾貌先帝照夜白,龍池十日飛霹靂。內府殷紅瑪瑙盤,婕妤傳諂才人索。盤賜將軍拜舞歸,輕紈細綺相追飛。貴戚權門得筆跡,始覺屏障生光輝。昔日太宗拳毛騧,近時郭家獅子花。今之新圖有二馬,復令識者久嘆嗟。"
361	韋諷錄事宅觀曹將軍畫馬圖 (3-2)		唐	杜甫	"此皆戢騎一萬敵,縞素漠漠開風沙。其餘七匹亦殊絕,迴若寒空雜霞雪。霜蹄蹴踏長楸間,馬官廝養森成列。可憐九馬爭神駿,顧視清高氣深穩。借問苦心愛者誰?後有韋諷前支遁。憶昔巡幸新豐宮,翠華拂天來向東。"
362	韋諷錄事宅觀曹將軍畫馬圖 (3-3)		唐	杜甫	"騰驤磊落三萬匹,皆與此圖筋骨同。自從獻寶朝河宗,無復射蛟江水中。君不見金粟堆前寸柏裏,龍媒去盡鳥呼風　"
363	丹青引 (3-1)		唐	杜甫	將軍魏武之子孫，于今為庶為清門。英雄割據雖已矣！文采風流今尚存。學書初學衛夫人，但恨無過王右軍。丹青不知老將至，富貴于我如浮雲。開元之中常引見，承恩數上南薰殿。凌煙功臣少顏色，將軍下筆開生面。良相頭上進賢冠，猛將腰間大羽箭。
364	丹青引 (3-2)		唐	杜甫	褒公鄂公毛髮動，英姿颯爽猶酣戰。先帝御馬玉花驄，畫工如山貌不同。是日牽來赤墀下，迴立閶闔生長風。詔謂將軍拂絹素，意匠慘澹經營中。須叟九重真龍出，一洗萬古凡馬空。玉花卻在御榻上，榻上庭前屹相向。至尊含笑催賜金，圉人太僕皆惆悵。弟子韓幹早入室，亦能畫馬窮殊相
365	丹青引 (3-3)		唐	杜甫	幹惟畫肉不畫骨，忍使驊騮氣凋喪。將軍善畫蓋有神，偶逢佳士亦寫真。即今漂泊干戈際，屢貌尋常行路人。途窮反遭俗眼白，世上未有如公貧。但看古來盛名日，終下坎墂纏其身。
366	寄韓諫議		唐	杜甫	"今我不樂思岳陽,身欲奮飛病在床。美人娟娟隔秋水,濯足洞庭望入荒。鴻飛冥冥日月白,青楓葉赤天雨霜。玉京群帝集北斗,或騎麒麟翳鳳凰。芙蓉旌旗煙霧落,影動倒景搖瀟湘。星宮之君醉瓊漿,羽人稀少不在旁。似聞昨者赤松子,恐是漢代韓張良。昔隨劉氏定長安,帷幄未改神慘傷。國家成敗吾豈敢?色難腥腐餐楓香。周南留滯古所惜,南極老人應壽昌。美人胡為隔秋水?焉得置之貢玉堂　"
367	古柏行		唐	杜甫	孔明廟前有老柏，柯如青銅根如石。霜皮溜雨四十圍，黛色參天二千尺。君臣已與時際會，樹木猶為人愛惜。雲來氣接巫峽長，月出寒通雪山白。憶昨路繞錦亭東，先主武侯同閟宮。崔嵬枝幹郊原古，窈窕丹青戶牖空。落落盤踞雖得地，冥冥孤高多烈風。扶持自是神明力，正直原因造化功。大廈如傾要樑棟，萬牛迴首邱山重。不露文章世已驚，未辭剪伐誰能送？苦心豈免容螻蟻？香葉終經宿鸞鳳。志士幽人草怨嗟，古來材大難為用。
368	觀公孫大娘弟子舞劍器行		唐	杜甫	昔有佳人公孫氏，一舞劍器動四方。觀者如山色沮喪，天地為之久低昂。攉如羿射九日落，矯如群帝驂龍翔。來如雷霆收震怒，罷如江海凝清光。絳唇珠袖兩寂寞，晚有弟子傳芬芳。臨潁美人在白帝，妙舞此曲神揚揚。與余問答既有以，感時撫事增惋傷。先帝侍女八千人，公孫劍器初第一。五十年間似反掌，風塵鴻洞昏王室。梨園弟子散如煙，女樂餘姿映寒日。金粟堆前木已拱，瞿塘石城草蕭瑟。玳筵急管曲復終，樂極哀來月東出。老夫不知其所往？足繭荒山轉愁疾。
369	竹枝		不詳	無名氏	楊柳青青，江水平，聞郎江上唱歌聲。東邊日出，西邊雨，道是無晴還有晴。
370	憶江南		唐	溫庭筠	梳洗罷，獨倚望江樓。過盡千帆皆不是，斜暉脈脈，水悠悠。腸斷白蘋洲。
371	菩薩蠻		唐	韋莊	人人盡說江南好，遊人只合江南老。春水碧於天，畫船聽雨眠。壚邊人似月，皓腕凝雙雪。未老莫還鄉，還鄉須斷腸。
372	菩薩蠻		唐	韋莊	如今卻憶江南樂：當時年少春衫薄，騎馬倚斜橋，滿紅袖招。翠屏金屈曲，醉入花叢宿。此度見花枝，白頭誓不歸。
373	菩薩蠻		唐	韋莊	勸君今夜須沈醉，尊前莫話明朝事。珍重主人心，酒深情亦深。須愁春漏短，莫訴金杯滿。遇酒且呵呵，人生能幾何？
374	謁金門		唐	韋莊	春雨足，染就一溪新綠。柳外飛來雙羽玉，弄晴相對浴。樓外翠簾高軸，倚遍闌干幾曲。雲淡，水平，煙樹簇。寸心，千里目。
375	謁金門		唐	韋莊	空相憶，無計得傳消息。天上嫦娥人不識，寄書何處覓？新睡覺來無力，不忍把君書跡。滿院落花春寂寂，斷腸芳草碧。
376	謁金門		唐	馮延巳	風乍起，吹皺一池春水。閑引鴛鴦芳徑裏，手挼紅杏蕊。鬥鴨，闌干獨倚，碧玉搔頭斜墜。終日望君君不至，舉頭聞鵲喜。
377	訴衷情近		宋	柳永	雨晴，氣爽，佇立江樓望處。澄明遠水生光，重疊暮山聳翠。遙想斷橋幽徑，隱隱漁村，向晚孤煙起。殘陽裏，胍胍朱欄靜倚。黯然情緒，未飲先如醉。愁無際：暮雲過了，秋風老盡，故人千里，竟日空凝睇。
378	憶帝京		宋	柳永	薄衾小枕涼天氣，乍覺別離滋味。展轉數寒更，起了還重睡。畢竟不成眠，一夜長如歲。也擬把卻回征轡，又爭奈已成行計！萬種思量，多方開解，只恁寂寞懨懨地！繫我一生心，負你千行淚。
379	雨霖鈴		宋	柳永	寒蟬淒切，對長亭晚，驟雨初歇。都門帳飲無緒，留戀處，蘭舟催發。執手相看淚眼，竟無語凝咽。念去去千里煙波，暮藹沉沉楚天闊。多情自古傷離別，更那堪冷落清秋節！今宵酒醒何處？楊柳岸，曉風，殘月。此去經年，應是良辰好景虛設。便縱有千種風情，更與何人說？
380	石魚湖上醉歌		唐	元結	石魚湖，似洞庭，夏水欲滿君山青。山為樽，水為沼，酒徒歷歷坐洲島。長風連日作大浪，不能廢人運酒舫。我持長瓢坐巴邱，酌飲四座以散愁。
381	山石		唐	韓愈	山石犖确行徑微，黃昏到寺蝙蝠飛。升堂坐階新雨足，芭蕉葉大梔子肥。僧言古壁佛畫好，以火來照所見稀。鋪床拂席置羹飯，疏糲亦足飽我飢。夜深靜臥百蟲絕，清月出嶺光入扉。天明獨去無道路，出入高下窮煙霏。山紅澗碧紛嫻漫，時見松櫪皆十圍。當流赤足踏澗石，水聲激激風生衣。人生如此自可樂，豈必局促為人鞿？嗟哉吾黨二三子，安得至老不更歸？
382	八月十五夜贈張功曹		唐	韓愈	纖雲四捲天無河，清風吹空月舒波。沙平水息聲影絕，一杯相屬君當歌。君砍聲酸辭正苦，不能聽終淚如雨。洞庭連天九疑高，蛟龍出沒猩鼯號。十生九死到官所，幽居默默如藏逃。下床畏蛇食畏藥，海氣濕蟄薰腥臊。昨者州前槌大鼓，嗣皇繼聖登夔皋。赦書一日行萬里，罪從大辟皆除１遷者追回流者還，滌瑕蕩垢清朝班。州家申名使家抑，坎軻祇得移荊蠻。判司卑官不堪說，未免捶楚塵埃間。同時輩流多上道，天路幽險難追攀。君歌且休聽我歌，我歌今與君殊科。一年明月今宵多，人生由命非由他。有酒不飲奈明何？
383	長相思 (其一)		唐	李白	長相思，在長安。絡緯秋啼金井闌，微霜淒簟色寒。孤燈不明思欲絕，卷帷望月空長嘆。美人如花隔雲端，上有青冥之高天，下有淥水之波瀾。天長路遠魂飛苦，夢魂不到關山難。長相思，摧心肝。
384	長安干 (其二)		唐	李白	日色欲盡花含煙，月明如素愁不眠。趙瑟初停鳳凰柱，蜀琴欲奏鴛鴦絃。此曲有意無人傳，願隨春風寄燕然。憶君迢迢隔青天，昔時橫波目，今作流淚泉。不信妾腸斷，歸來看取明鏡前。
385	兵車行 (2-1)		唐	杜甫	車轔轔，馬蕭蕭，行人弓箭各在腰。耶孃妻子走相送，塵埃不見咸陽橋。牽衣頓足攔道哭，哭聲直上干雲霄。道旁過者問行人，行人但云點行。頻或從十五北防河，便至四十西營田。去時里正與過裹頭，歸來頭白還戍邊。邊亭流血成海水，武皇開邊意未已。君不聞漢家山東二百州，千村萬落生荊杞？縱有健婦把鋤犁，禾生隴畝無東西。況復秦兵耐苦戰，被驅不異犬與雞。
386	兵車行 (2-2)		唐	李白	長者雖有問，役夫敢申恨。且如今年冬，未休關西卒。縣官急索租，租稅從何出？信知生男惡，反是生女好。生女猶得嫁比鄰，生男埋沒隨百草。君不見青海頭，古來白骨無人收？新鬼煩冤舊鬼哭，天陰雨濕聲啾啾。
387	哀江頭		唐	杜甫	少陵野老吞聲哭，春日潛行曲江曲。江頭宮殿鎖千門，細柳新蒲為誰綠？憶昔霓旌下南苑，苑中景物生顏色。昭陽殿裏第一人，同輦隨君侍君側。輦前才人帶弓箭，白馬嚼齧黃金勒。翻身向天仰射雲，一箭正墜雙飛翼。明眸皓齒今在？血污遊魂歸不得。清清東流劍閣深，去住彼此無消。息人生有情沾臆，江草江花豈終極？黃昏胡騎塵滿城，欲往城南望城北。
388	集靈臺 (其一)		唐	張祐	日光斜照集靈臺，紅樹花迎曉露開。昨夜上皇新受籙，太真含笑入簾來。
389	集靈臺 (其二)		唐	張祐	虢國夫人承主恩，平明騎馬人宮門。卻嫌脂粉污顏色，淡掃蛾眉朝至尊。
390	題金陵渡		唐	張祐	金陵津渡小山樓，一宿行人自可愁。潮落夜工斜月裏，兩三星火是瓜州。
391	宮中詞		唐	朱慶餘	寂寂花時閉院門，美人相並立瓊軒。含情欲說宮中事，鸚鵡前頭不敢言。
392	近試上張水部		唐	朱慶餘	洞房昨夜停紅燭，待曉堂前拜舅姑。妝罷低聲問夫婿，畫眉深淺入時無。
393	將赴吳興登樂遊原		唐	杜牧	清時有味是無能，閒愛孤雲靜愛僧。欲把一麾江海去，樂遊原上望昭陵。
394	赤壁		唐	杜牧	折戟沈沙鐵未銷，自將磨洗認前朝。東風不與周郎便，銅雀春深鎖二喬。
395	泊秦淮		唐	杜牧	煙籠寒水月籠沙，夜泊秦淮近酒家。商女不知亡國恨，隔江猶唱後庭花。
396	寄揚州韓綽判官		唐	杜牧	青山隱隱水迢迢，秋盡江南草未凋。二十四橋明月夜，玉人何處教吹簫？
397	遣懷		唐	杜牧	落魄江湖載酒行，楚腰纖細掌中輕。十年一覺揚州夢，贏得青樓薄倖名。
398	贈別 (其一)		唐	杜牧	娉娉嫋嫋十三餘，豆蔻梢頭二月初。春風十里揚州路，卷上珠簾總不如。
399	贈別 (其二)		唐	杜牧	多情卻似總無情，唯覺尊前笑不成。蠟燭有心還惜別，替人垂淚到天明。
400	金谷園		唐	杜牧	繁華事散逐香塵，流水無情草自春。日暮東風怨啼鳥，落花猶似墜樓人。
401	夜雨寄北		唐	李商隱	君問歸期未有期，巴山夜雨漲秋池。何當共剪西窗燭？卻話巴山夜雨時。
402	寄令狐郎中		唐	李商隱	嵩雲秦樹久離居，雙鯉迢迢一紙書。休問梁園舊賓客，茂陵風雨病相如。
403	為有		唐	李商隱	為有雲屏無限嬌，鳳城寒盡怕春宵。無端嫁得金龜婿，辜負香衾事早朝。
404	隋宮		唐	李商隱	乘興南遊不戒嚴，九重誰省諫書函？春風舉國裁宮錦，半作障泥半作帆。
405	瑤池		唐	李商隱	瑤池阿母綺窗開，黃竹歌聲動地哀。八駿日行三萬里，穆王何事不重來？
406	嫦娥		唐	李商隱	雲母屏風燭影深，長河漸落曉星沈。嫦娥應悔偷靈藥，碧海青天夜夜心。
407	賈生		唐	李商隱	宣室求賢訪逐臣，賈生才調更無倫。可憐夜半虛前席，不問蒼生問鬼神。
408	瑤瑟怨		唐	溫庭筠	冰簟銀床夢不成，碧天如水夜雲輕。雁聲遠過瀟湘去，十二樓中月自明。
409	馬嵬坡		唐	鄭畋	玄宗回馬楊妃死，雲雨難忘日月新。終是聖明天子事，景陽宮井又何人？
410	金陵圖		唐	韋莊	江雨霏霏江草齊，六朝如夢鳥空啼。無情最是臺城柳，依舊煙籠十里堤。
411	隴西行		唐	陳陶	誓掃匈奴不顧身，五千貂錦喪胡塵。可憐無定河邊骨，猶是深閨夢裏人。
412	寄人		唐	張泌	別夢依依到謝家，小廊回合曲闌斜。多情只有春庭月，猶為離人照落花。
413	雜詩		唐		近寒食雨草萋萋，著麥曲風柳映堤。等是有家歸未得，杜鵑休向耳邊啼。
414	秋夜曲		唐	王維	桂魄初生秋露微，輕羅已薄未更衣。銀箏夜久殷勤弄，心怯空房不忍歸。
415	長信怨		唐	王昌齡	奉帚平明金殿開，暫將團扇共徘徊。玉顏不及寒鴉色，猶帶昭陽日影來。
416	清平調 (其一)		唐	李白	雲想衣裳花想容，春風拂檻露華濃。若非群玉山頭見，會向瑤臺月下逢。
417	清平調 (其二)		唐	李白	一枝紅艵露凝香，雲雨巫山枉斷腸。借問漢宮誰得似？可憐飛燕何新粧。
418	清平調 (其三)		唐	李白	名花傾國兩相歡，常得君王帶笑看。解釋春風無限恨，沈香亭北倚闌干。
419	出塞		唐	王之渙	黃河遠上白雲間，一片孤城萬仞山。羌笛何須怨楊柳，春風不度玉門關。
420	贈內人		唐	張祐	禁門宮樹月痕過，媚眼惟看宿鷺巢。斜拔玉釵燈影畔，剔開紅焰救飛蛾。
421	宮詞		唐	白居易	淚盡羅巾夢不成，夜深前殿按歌聲。紅顏未老恩先斷，斜倚薰籠坐到明。
422	春詞		唐	劉禹錫	新莊宜面下朱樓，深鎖春光一院愁。行到中庭數花朵，蜻蜓飛上玉搔頭。
423	烏衣巷		唐	劉禹錫	朱雀橋邊野草花，烏衣巷口夕陽斜。舊時王謝堂前燕，飛入尋常百姓家。
424	夜上受降城聞笛		唐	李益	回樂峰前沙似雪，受降城外月如霜。不知何處吹蘆管？一夜征人盡望鄉。
425	宮詞		唐	顧況	玉樓天半起笙歌，風送宮嬪笑語和。月殿影開聞夜漏，水晶簾捲近秋河。
426	征人怨		唐	柳中庸	歲歲金河復玉關，朝朝馬策與刀環。三春白雪歸青塚，萬里黃河繞黑山。
427	春怨		唐	劉方平	紗窗日落漸黃昏，金屋無人見淚痕。寂寞空庭春欲晚，梨花滿地不開門。
428	月夜		唐	劉方平	更深月色半人家，北斗闌干南斗斜。今夜偏知春氣暖，蟲聲新透綠窗紗。
429	寒食		唐	韓翊	春城無處不飛花，寒食東風御柳斜。日暮漢宮傅蠟燭，輕煙散入五侯家。
430	滁州西澗		唐	韋應物	獨憐幽草澗邊生，上有黃鸝深樹鳴。春潮帶雨晚來急，野渡無人舟自橫。
431	逢入京使		唐	岑參	故園東望路漫漫，雙袖龍鍾淚不乾。馬上相逢無紙筆，憑君傳語報平安。
432	涼州詞		唐	王翰	葡萄美酒夜光杯，欲飲琵琶馬上催。醉臥沙場君莫笑，古來征戰幾人回。
433	春宮曲		唐	王昌齡	昨夜風開露井桃，未央前殿月輪高。平陽歌舞新承寵，簾外春寒賜錦袍。
434	閨怨		唐	王昌齡	閨中少婦不知愁，春日凝粧上翠樓。忽見陌頭楊柳色，悔教夫婿覓封侯。
435	芙蓉樓送辛漸		唐	王維	寒雨連江夜入吳，平明送客楚山孤。洛陽親友如相問，一片冰心在玉壺。
436	九月九日憶山東兄弟		唐	王維	獨在異鄉為異客，每逢佳節倍思親。遙知兄弟登高處，遍插茱萸少一人。
437	桃花溪		唐	張旭	隱隱飛橋隔野煙，石磯西畔問漁船。桃花盡日隨流水，洞在清溪何處邊？
438	江南曲		唐	李益	嫁得瞿塘賈，朝朝誤妾期。早知潮有信，嫁與弄潮兒。
439	和晉陵陸丞相早春遊望		唐	杜審言	獨有宦遊人，偏驚物候新。雲霞出海曙，海柳渡江春。淑氣催黃鳥，晴光轉綠蘋。忽聞歌古調，歸思欲沾巾。
440	雜詩		唐	沈佺期	聞道黃龍戍，頻年不解兵。可憐閨裏月，少婦今春意，良人昨夜情。誰能將旗鼓，一為取龍城？
441	題大庾嶺北驛		唐	宋之問	陽月南飛鴈，傳聞至此迴。我行殊未已，何日復歸來？江靜潮初落，林昏瘴不開。明朝望鄉處，應見隴頭梅。
442	次北固山下		唐	王灣	客路青山下，行舟綠水前。潮平兩岸闊，風正一帆懸。海日生殘夜，江春入舊年。鄉書何處達？歸鴈洛陽邊。
443	破山寺後禪院		唐	常建	清晨入古寺，初日照高林。曲徑通幽處，禪房花木深。山光悅鳥性，潭影空人心。萬籟此俱寂，惟聞鐘磬音。
444	寄左省杜拾遺		唐	岑參	聯步趨丹陛，分曹限紫薇。曉隨天仗入，暮惹御香歸。白髮悲花落，青雲羨鳥飛。聖朝無闕事，自覺諫書稀。
445	送友人		唐	李白	青山橫北郭，白水繞東城。此地一為別，孤蓬萬里征。浮雲游子意，落日故人情。揮手自茲去，蕭蕭班馬鳴。
446	偈		日本	松雲禪師	人間逆旅，五十六年。雨過天清，一輪圓月。
447	釋宗演禪師立身守則		日本	釋宗演	晨起著衣之前，燃香靜坐。定時休息，定時飲食；飲食適量，決不過飽。以獨處之心待客，以待客之心獨處。謹慎言詞，言出必行。把握機會，不輕放過，但凡事須再思而行。已過不悔，展望將來。要有英雄的無畏，赤子的愛心。睡時好好去睡，要如長眠不起；醒時立即離床，如棄敝屣。
448	禪頌		日本		大道無門，千差有路。透得此關，乾坤獨步！
449	禪頌		日本		癡人面前，不可說夢。胡子無鬚，惺惺添懵！
450	尋牛				茫茫撥草去追尋，水闊山遙路更深。力盡神疲無處覓，但聞楓樹晚蟬吟！
451	見跡				水邊林下跡偏多，芳草離披見也麼？縱是深山更深處，遼天鼻孔怎藏他？
452	見牛				黃鶯枝上一聲聲，日暖風和岸柳青。只此更無迴避處，森森碩角畫難成！
453	得牛				竭盡精神獲得渠，心強力壯卒難除。有時才到高原上，又入煙雲深處居。
454	牧牛				鞭索時時不離身，恐伊縱步入埃塵。相將牧得純和也，羈鎖無拘自逐人。
455	騎牛歸家				騎牛迤邐欲還家，羌笛聲聲送晚霞。一拍一歌無限意，知音何必鼓唇牙！
456	忘牛存人				騎牛已得到家山，牛也空兮人也閑。紅日三竿猛作夢，鞭繩空頓草堂間。
457	人牛俱忘				鞭索人牛盡屬空，碧天遼闊信難通。紅爐焰上爭容雪？到此方能合祖宗！
458	返本還源				返本還源已費功，爭如直下若盲聾？庵中不見庵前物，水自茫茫花自紅！
459	入廛垂手				露胸跣足入廛來，抹土塗灰笑滿腮。不用神仙真秘訣，直教枯木放花開！
460	水調歌頭	詞 歌詞	宋	蘇軾;鄧麗君 唱	明月幾時有？把酒問青天。不知天上宮闕今夕是何年。我欲乘風歸去，又恐瓊樓玉宇高處不勝寒。起舞弄清影：何似在人間？轉朱閣，低綺戶，照無眠。不應有恨，何事長向別時圓？人有悲歡離合，月有陰晴圓缺，此事古難全。但願人長久，千里共嬋娟！
461	西江月		宋	蘇軾	世事一場大夢，人生幾度新涼。夜來風葉已鳴廊，看取眉頭鬢上。酒賤常愁客少，月明多被雲妨。中秋誰與共雲光？把琖淒然北望。
462	少年遊		宋	周邦彥	并刀如水，吳鹽勝雪，纖指破新橙。錦幄初溫，獸香不斷，相對坐吹笙。低聲問，向誰行宿？城上已二更。馬滑，霜濃，不如休去，直是少人行。
463	塞下曲 (其一)		唐	盧綸	鷲翎金僕姑，燕尾繡螯弧。獨立揚新令，千營共一呼。林暗草驚風，將車夜引弓。平明尋白羽，沒在石稜中。
464	塞下曲 (其二)		唐	盧綸	月黑雁飛高，單于夜遁逃。欲將輕騎逐，大雪滿弓刀。野幕敞瓊筵，羌戎賀勞旋。醉和金甲舞，雷鼓動山川。
465	玉階怨		唐	李白	玉階生白露，夜久侵羅襪。卻下水晶簾，玲瓏望秋月。
466	哥舒歌		唐	西鄙人	北斗七星高，哥舒夜帶刀。至今窺牧馬，不敢過臨洮。
467	春怨		唐	金昌緒	打起黃鶯兒，莫教枝上啼。啼時驚妾夢，不得到遼西。
468	尋隱者不遇		唐	賈島	松下問童子，言師採藥去。只在此山中，雲深不知處。
469	登樂遊原		唐	李商隱	向晚意不適，驅車登古原。夕陽無限好，只是近黃昏。
470	何滿子		唐	張祐	故國三千里，深宮二十年。一聲何滿子，雙淚落君前。
471	問劉十九		唐	白居易	綠螘新醅酒，紅泥小火爐。晚來天欲雪，能飲一杯無？
472	行宮		唐	元稹	寥落古行宮，宮花寂寞紅。白頭宮女在，閒坐說玄宗。
473	玉臺體		唐	權德輿	昨夜裙帶解，今朝蟢子飛。鉛華不可葉，莫是 砧歸。
474	新嫁娘		唐	王維	三日入廚下，洗手作羹湯。未諳姑食性，先遣小姑嘗。
475	聽箏		唐	李端	鳴箏金粟柱，素手玉房前。欲得周郎顧，時時誤拂絃。
476	秋夜寄邱員外		唐	韋應物	懷君屬秋夜，散步詠涼天。空山松子落，幽人應未眠。
477	送上人		唐	劉金卿	孤雲將鶴，豈向人間住？莫買沃洲山，時人已知處。
478	彈琴		唐	劉長卿	冷冷七絃上，靜聽松風寒。古調雖自愛，今人多不彈。
479	送靈澈		唐	劉長卿	蒼蒼竹林寺，杳杳鐘聲晚。荷笠帶斜陽，青山獨歸遠。
480	怨情		唐	李白	美人捲珠簾，深坐顰蛾眉。但見淚痕濕，不知心恨誰？
481	宿建德江		唐	孟浩然	移舟泊煙渚，日暮客愁新。野曠天低樹，江清月近人。
482	終南望餘雪		唐	祖詠	終南陰嶺秀，積雪浮雲端。林表明霽色，城中增暮寒。
483	送崔九		唐	裴迪	歸山深淺去，須盡邱壑美。莫學武陵人，暫遊桃源裏。
484	雜詩		唐	王維	君自故鄉來，應知故鄉事。來日綺窗前，寒梅著花未？
485	相思		唐	王維	紅豆生南國，春來發幾枝。願君多採擷，此物最相思。
486	送別		唐	王維	山中送相罷，日暮掩柴扉。春草明年綠，王孫歸不歸？
487	貧女		唐	秦韜玉	蓬門未識綺羅香，擬託良媒自亦傷。誰愛風流高格調？共憐時世儉梳粧。敢將十指誇鍼巧，不把雙眉鬥畫長。苦恨年年壓金線，為他人作嫁衣裳。
488	蘇武廟		唐	溫庭筠	蘇武魂銷漢使前，古祠高樹兩茫然。雲邊雁斸胡天月，隴上羊歸塞草煙。迴日樓臺非甲帳，去時冠劍是丁年。茂陵不見封侯印，空向秋波哭逝川。
489	利州南渡		唐	溫庭筠	澹然空水對斜暉，曲島蒼茫接翠微。波上馬嘶看棹去，柳邊人歇待船歸。數叢沙草群鷗散，萬頃江田一鷺飛。誰解乘舟尋范蠡？五湖煙水獨忘機。
490	無題 (其一)		唐	李商隱	鳳尾香羅薄幾重，碧文圓頂夜深縫。扇裁月魄羞難掩，車走雷聲語未通。曾是寂寥金燼暗，斷無消息石榴紅。斑騅只繫垂楊岸，何處西南任好風？
491	無題 (其二)		唐	李商隱	重帷深下莫愁堂，臥後青宵細細長。神女生涯原是夢，小姑居處本無郎。風波不信菱枝弱，月露誰教桂葉香。直道相思了無益，未妨惆悵是清狂。
492	春雨		唐	李商隱	悵臥新春白袷衣，白門寥落意多違。紅樓隔雨相望冷，珠箔飄燈獨自歸。遠路應悲春婉晚，殘宵猶得夢依稀。玉璫緘札何由達？萬里雲羅一雁飛。
493	無題		唐	李商隱	相見時難別亦難，東風無力百花殘。春蠶到死絲方盡，蠟炬成灰淚始乾。曉鏡但愁雲鬢改，夜吟應覺月光寒。蓬萊此去無多路，青鳥殷勤為探看。
494	籌筆驛		唐	李商隱	猿鳥猶疑畏簡書，風雲常為護儲胥。徒令上將揮神筆，終見降王走傳車。管樂有才原不忝，關張無命欲何如？他年錦里經祠廟，梁父吟成恨有餘。
495	無題 (其一)		唐	李商隱	來是空言去絕蹤，月斜樓上五更鐘。夢為遠別啼難喚，書被催成墨未濃。蠟照半籠金翡翠，麝熏微度繡芙蓉。劉郎已恨蓬山遠，更隔蓬山一萬重。
496	無題 (其二)		唐	李商隱	颯颯東風細雨來，芙蓉塘外有輕雷。金蟾齧鎖燒香入，玉虎牽絲汲井迴。賈氏窺簾韓掾炒，宓妃留枕魏王才。春心莫共花爭發，一寸相思一寸灰。
497	隋宮		唐	李商隱	紫泉宮殿鎖煙霞，欲取蕪城作帝家。玉璽不緣歸日角，錦帆應是到天涯。於今腐草無螢火，終古垂楊有暮鴉。地下若逢陳後主，豈宜重問後庭花？
498	無題		唐	李商隱	昨夜星辰昨夜風，畫樓西畔桂堂東。身無彩鳳雙飛翼，心有靈犀一點通。隔座送鉤春酒暖，分曹射覆蠟嬁紅。嗟余聽鼓應官去，走馬蘭臺類轉蓬。
499	錦瑟		唐	李商隱	錦瑟無端五十絃，一絃一柱思華年。莊生曉夢迷蝴蠂，望帝春心託杜鵑。滄海月明珠有淚，藍田日暖玉生煙。此情可待成追憶，只是當時已惘然。
500	遣悲懷 (其一)		唐	元稹	謝公最小偏憐女，自嫁黔婁百事乖。顧我無依搜藎篋，泥他沽洒拔金釵。野蔬充膳甘長藿，落葉添新仰古槐。今日俸錢過十萬，與君營奠復營齋。
501	遣悲懷 (其二)		唐	元稹	昔日戲言身後事，今朝都到眼前來。衣裳已施行看盡，針線猶存未忍開。尚想舊情憐婢僕，也曾因夢送錢財。誠佑此恨人人有，貧賤夫妻百事哀。
502	遣悲懷 (其三)		唐	元稹	閒坐悲君亦自悲，百年多是幾多時？鄧攸無子尋知命，潘岳悼亡猶費詞。同穴窅冥何所望？他生緣會更難期。惟將終夜常開眼，報答平生未展眉。
503	西江月 (夜行黃沙道中)		宋	辛棄疾	明月別枝驚鵲，清風半夜鳴蟬。稻花香裏說豐年，聽取蛙聲一片。七八個星天外，兩三點雨山前。舊時茆店社林邊；路轉，溪橋忽見。
504	清平樂 (獨宿博山黃氏菴)		宋	辛棄疾	遶床飢鼠，蝙蝠翻燈舞。屋上松風吹急雨；破紙窗間自語。平生塞北江南；歸來華髮蒼顏。布被秋宵夢覺，眼前萬里江山！
505	生查子 (題京口郡治塵表亭)		宋	辛棄疾	悠悠萬世功，矻矻當年苦。魚自入深淵，人自居平土。紅日又西沉，白浪長東去。不是望金山，我自思量禹！
506	破陣子 (為陳同甫賦壯詞以寄之)		宋	辛棄疾	醉裏挑燈看劍，夢回吹角連營。八百里分麾下炙，五十絃翻塞外聲：沙場秋點兵。馬作的盧飛快，弓如霹靂弦驚。了卻君王天下事，贏得生前身後名，可憐白髮生。
507	醜奴兒	詞 歌詞	宋	辛棄疾;鄧麗君 唱	少年不識愁滋味，愛上層樓。愛上層樓，為賦新詞強說愁。而今識盡愁滋味，欲說還休。欲說還休，卻道天涼好個秋。
508	浪淘沙 (山寺夜半聞鐘)		宋	辛棄疾	身世酒杯中，萬事皆空。古來三五個英雄。雨打風吹，何處是漢殿秦宮？夢入少年叢，歌舞匆匆。老僧夜半誤鳴鐘，驚起西窗眠不得，捲地西風。
509	生查子 (獨遊雨巖)		宋	辛棄疾	溪邊照影行，天在清溪底；天上有行雲，人在行雲裏。高歌誰和余？空谷清音起，非鬼亦非仙，一曲桃花水。
510	山花子 (病起，獨坐停雲)		宋	辛棄疾	彊欲加餐竟未佳，只宜長伴病僧齋。心似風吹香篆過，也無灰。山上朝來雲出岫，隨風一去未曾回。次第前村行雨了，合歸來。
511	鷓鴣天		宋	辛棄疾	陌上柔桑破嫩芽，東鄰蠶種已生些。平岡細草鳴黃犢。山遠近，路橫斜，青旗沽酒有人家。城中桃李愁風雨；春在溪頭薺菜花。
512	鷓鴣天 (石門道中)		宋	辛棄疾	山上飛泉萬斛珠，懸崖千丈落鼪鼯。已通樵徑行還礙，似有人聲聽卻無。閒略彴，遠浮屠，溪南修竹有茅廬。莫嫌杖屨頻來往，此地偏宜著老夫。
513	鷓鴣天 (鵝湖歸，病起作)		宋	辛棄疾	枕簟溪堂冷欲秋。斷雲依水晚來收。紅連相倚渾如醉，白鳥無言定自愁。書咄咄，且休休。一邱一壑也風流。不知筋力衰多少，但覺新來懶上樓。
514	鷓鴣天 (有感)		宋	辛棄疾	出處從來自不齊。後車方載太公歸；誰知寂寞空山裏，卻有高人賦采薇？黃菊嫩，晚香枝，一般同是采花時，蜂兒辛苦多官府，蝴蝶花間自在飛。
515	鷓鴣天		宋	辛棄疾	晚歲躬耕不厭貧，隻雞斗酒聚比鄰。都無晉宋之間事，自是羲皇以上人。千載後，百篇存，更無一字不清真。苦教王謝諸郎在，未抵柴桑陌上塵。
516	西塞山懷古		唐	劉禹錫	王濬樓船下益州，金陵王氣黯然收。千尋鐵鎖沉江底，一片降旛出石頭。人世幾回傷往事？山形依舊枕寒流。從今四海為家日，故壘蕭蕭蘆荻秋。
517	登柳州城樓寄漳汀封連四州刺史		唐	柳宗元	城上高樓接大荒，海天愁思正茫茫。驚風亂颭芙蓉水，密雨斜侵薛荔牆。嶺樹重遮千里目，江流曲似九迴腸。共來百越文身地，猶是音書滯一鄉。
518	聽蜀僧濬彈琴		唐	李白	蜀僧抱綠綺，西下峨眉峰。為我一揮手，如聽萬壑松。客心洗流水，餘響入霜鐘。不覺碧山暮，秋雲暗幾重？
519	月夜		唐	杜甫	今夜鄜州月，閨中只獨看。遙憐小兒女，未解憶長安。香霧雲鬟濕，清輝玉臂寒。何時倚虛幌？雙照淚痕乾。
520	春宿左省		唐	杜甫	花隱掖垣暮，啾啾棲鳥過。星臨萬戶動，月傍九霄多。不寢聽金鑰，因風想玉珂。明朝有封事，數問夜如何？
521	天末懷李白		唐	杜甫	涼風起天末，君子意如何？鴻鴈幾時到，江湖秋水多。文章憎命達，魑魅喜人過。應共冤魂語，投詩贈汨羅。
522	奉濟驛重送嚴公四韻		唐	杜甫	遠送從此別，青山空復情。幾時盃重把？昨夜月同行。列郡謳歌惜，三朝出入榮。江村獨歸處，寂寞養殘生。
523	別房太尉墓		唐	杜甫	他鄉復行役，駐馬別孤墳。近淚無乾土，低空有斸雲。對棋陪謝傅，把劍覓徐君。惟見林花落，鶯啼送客聞。
524	旅夜書懷		唐	杜甫	細草微風岸，危檣獨夜舟。星隨平野闊，月湧大江流。名豈文章著？官應老病休。飄飄何所似？天地一沙鷗。
525	終南山		唐	王維	太乙近天都，連山到海隅。白雲迴望合，青靄入看無。分野中峰變，陰晴眾壑殊。欲投人處宿，隔水問樵夫。
526	酬張少府		唐	王維	晚年惟好靜，萬事不關心。自顧無長策，空知返舊林。松風吹解帶，山月照彈琴。君問窮通理，漁歌入浦深。
527	送梓州李使君		唐	王維	萬壑樹參天，千山響杜鵑。山中一夜雨，樹杪百重泉。漢女輸撞布，巴人訟芋田。文翁翻教授，不敢倚先賢。
528	漢江臨眺		唐	王維	楚塞三湘接，荊門九派通。江流大地外，山色有無中。郡邑浮前浦，波瀾動遠空。襄陽好風日，留醉與山翁。
529	臨洞庭上張丞相		唐	孟浩然	八月湖水平，涵虛混太清。氣蒸雲夢澤，波撼岳陽城。欲濟無舟楫，端居恥聖明。坐觀垂釣者，徒有羨魚情。
530	與諸子登峴山		唐	孟浩然	人事有代謝，往來成古今。江山留勝跡，我輩復登臨。水落魚梁淺，天寒夢澤深。羊公碑尚在，讀罷淚沾巾。
531	宴梅道士山房		唐	孟浩然	林臥愁春盡，搴帷覽物華。忽逄青鳥使，邀入赤松家。金灶初開火，仙桃正發花。童顏若可駐，何惜醉流霞。
532	歲暮歸南山		唐	孟浩然	北闕休上書，南山歸敝廬。不才明主棄，多病故人疏。白髮催年老，青陽逼歲除。永懷愁不寐，松月夜窗虛。
533	過故人莊		唐	孟浩然	故人具雞黍，邀我至田家。綠樹村邊合，青山郭外斜。開軒面場圃，把酒話桑麻。待到重陽日，還來就菊花。
534	秦中寄遠上人		唐	孟浩然	一邱嘗欲臥，三徑苦無資。北土非吾願，東林懷我師。黃金燃桂盡，壯志逐年衰。日夕涼風至，聞蟬但益悲。
535	訴衷情		宋	陸游	當年萬里覓封侯，匹馬戍梁州。關河夢斷何處？塵暗舊貂裘。胡未滅，鬢先秋。淚空流。此生誰料心在天山，身老滄洲？
536	兒歌		清	鄭板橋	二月賣新絲，五月糶新穀。醫得眼前瘡，剜卻心頭肉。耕苗日正午，汗滴禾下土。誰知盤中飧，粒粒皆辛苦。昨日入城市，歸來淚滿巾。遍身羅綺者，不是養蠶人。九九八十一，窮漢受罪畢。纔得放腳眠，蚊蟲猲蚤出。
537	禪詩			如琰禪師	幾年鏖戰歷沙場，汗馬功高孰可量；四海狼煙今已息，踏花歸去馬蹄香。
538	禪詩	詩		清谿禪師	世人休說路行難，鳥道羊腸咫尺間；珍重苧谿谿畔水，汝歸滄海我歸山。
539	寒山拾得	佳文			寒山問拾得：「世間謗我、欺我、辱我、笑我、輕我、賤我、厭我、騙我、如何處治？」；拾得曰：「只是忍他、讓他、由他、避他、耐他、敬他、不要理他，再過幾年，看他如何？」
540	禪詩	詩	唐	白居易	蝸牛角上爭何事，石火光中寄此身；隨富隨貧且歡樂，不開口笑是癡人。
541	偈				心安芧屋穩，性定菜根香；世事靜方見，人情淡始長。
542	禪語				兩袖一甩，清風明月；仰天一笑，快意平生；布履一雙，山河自在。
543	禪詩	詩		茶陵郁	我有明珠一顆，久被塵勞關瑣；一朝塵盡光生，照破山河萬朵。
544	禪詩			寒山禪師	吾心似秋月，碧潭清皎潔；無物堪比倫，更與何人說！
545	經魯祭孔子而歎之		唐	唐玄宗	夫子何為者？栖栖一代中。地猶鄹氏邑，宅即魯王宮。歎鳳嗟身否，傷麟怨道窮。今看兩盈楹奠，當與夢時同。
546	浪淘沙		宋	歐陽修	把酒祝東風，且共從容。垂楊紫陌洛城東，總是當時攜手處，遊遍芳叢。聚散苦匆匆，此恨無窮！今年花勝去年紅，可惜明年花更好，知與誰同？
547	清平樂		五代	李煜	別來春半，觸目愁腸斷；砌下落梅如亂，拂了一身還滿。雁來音信無憑，路遙歸夢難成；離恨恰如春草，更行漸遠還生。
548	山中聞杜鵑		宋	洪炎	山中二月聞杜鷳，百草爭芳已消歇。綠陰初不待薰，啼鳥區區自流血。北窗移燈欲三更，南山高林時一聲。言歸汝亦無歸處，何用多言傷我情！
549	春夢了無痕	詩	宋	蘇軾	東風未肯入東門，走馬還尋去歲村；人似秋鴻來有信，事如春夢了無痕。江城白酒三杯釅，野老蒼顏一笑溫；已約年年為此會，故人不用賦招魂。
550	賀新郎 (別茂嘉十二弟)		宋	辛棄疾	綠樹聽鵜鴃，更那堪，鷓鴣聲住，杜鵑聲切。啼到春歸無尋處，苦恨芳菲都歇；算未抵人間離別；馬上琵琶關塞黑，更長門翠輦辭金闕：看燕燕，送歸妾。將軍百戰身名裂，向河梁回頭萬里，故人長絕；易水蕭蕭西風冷，滿座衣冠似雪，正壯士悲歌未徹。啼鳥還知如許恨，料不啼清淚長啼血；誰共我，醉明月？
551	詩經				昔我往矣，楊柳依依；今我來思，兩雪霏霏。行道遲遲，載渴載飢。我心傷悲，莫知我哀！
552	玉樓春		宋	歐陽修	尊前擬把歸期說，未語春容先慘咽。人生自是有情痴，此恨不關風與月。離歌且莫翻新闋，一曲能教腸寸結。直須看盡洛城花，始共春風容易別。
553	攤破 浣溪沙		清	納蘭性德	風絮飄殘已化萍，泥蓮剛倩藕絲縈；珍重別拈香一瓣，記前生。人到情多情轉薄，而今真個不多情；又到斷腸回首處，淚偷零。
554	千秋歲		宋	張先	數聲鶗鴃，又報芳菲歇，惜春更選殘紅折。兩輕風色暴，梅子青時節。永豐柳，無人盡日花飛雪。莫把ㄠ絃撥，怨極絃能能說。天不老，情難絕；心似雙絲網，中有千千結。夜過也，木窗未白孤燈滅。
555	木蘭花		宋	晏殊	綠楊芳草長亭路，年少拋人容易去；樓頭殘夢五更鐘，花底離愁三月雨。無情不似多情苦，一寸還成千萬縷；天涯地角有窮時，只有相思無盡處！
556	生查子	詩 歌詞	宋	朱淑真;鄧麗君 唱	去年元夜時，花市燈如晝；月上柳梢頭，人約黃昏後。今年元夜時，月與燈依舊；不見去年人，淚滿春衫袖。
557	結愛		唐	孟郊	心心復心心，結愛務在深。一度欲離別，千回結衣襟。結妾獨守志，結君早歸意。始知結衣裳，不如結心腸。坐結行亦結，結百年月。
558	集俗語竹枝詞		清	繆良	巧妻常伴拙夫眠，千里姻綠使線牽；世事都從愁裏過，月如無恨月常圓。
559	折桂令 (春情)		元	徐再思	平生不會相思，才會相思，便害相思。身似浮雲，心如飛絮，氣若游絲。空一縷餘香在此，盼千金遊子何之；證候來時，正是何時？燈半昏時，月半明時。
560	聲聲慢		宋	李清照	尋尋覓覓，冷冷清清，悽悽慘慘戚戚。作暖還寒時候，最難將息。三杯兩盞淡酒，怎敵他晚來風急？雁過也，正傷心，卻是舊時相識。滿地黃花堆積，憔悴損，而今有誰堪摘？守著窗兒，獨自怎生得黑！梧桐更兼細雨，到黃昏，點點滴滴，這次第，怎一個「愁」字了得？
561	留別妻		漢	佚名	結髮為夫妻，恩愛兩不疑；歡娛在今夕，嬿婉及良時。征夫懷遠路，起視夜何其！參辰皆已沒，去去從此辭。行役在戰場，相見未有期；握手一長嘆，淚為生別滋。努力愛華，莫忘歡樂時；生當復來歸，死當長相思！
562	古艷歌		漢	佚名	煢煢白兔，東走西顧；衣不如新，人不如故。
563	蝶戀花		五代	馮延已	幾日行雲何處去？忘了歸來，不道春將暮。百草千花寒食路，香車繫在誰家樹？淚眼倚樓頻獨語，雙燕來時，陌上相逄否？撩亂春愁如柳絮，依依夢裏無尋處。
564	盤中詩		漢	蘇伯玉妻	山樹高，鳥鳴悲。泉水深，鯉魚肥。空倉雀。常苦飢。吏人婦，會夫希。出門望見白衣，謂當是而更非。還入門，中心悲。北上堂，西入階。急機絞，杼聲催。長歎息，當語誰。君有行，妾念之。出有日，還無期。結巾帶，長相思。君忘妾，未知之。妾忘君，罪當治。妾有行，宜知之。黃者金，白者玉。高者山，下者谷。姓者蘇，字伯玉。人才多，知謀足。家居長安身在蜀，何惜馬蹄歸不數。羊肉千斤酒百斛，令君馬肥麥與粟。今時人，知四足。與其書，不能讀。當從中央周四角。
565	江樓感舊		唐	趙嘏	獨上江樓思悄然，月光如水水如天；同來玩月人何在？風景依稀似去年！
566	晝夜樂		宋	柳永	洞房記得初相遇，便只合長相聚；何期小會幽歡，變作別離情緒。況值闌珊春色暮，對滿目亂紅狂絮；直恐好風光，盡隨伊歸去。一場寂寞憑誰訴？算前言總輕負，早知恁地難拌，悔不當初留住。其奈風流端整外，更別有繫人心處。一日不思量，也攢眉千度。
567	鷓鴣天		宋	晏幾道	醉拍春衫惜舊香，天將離恨惱疏狂。年年陌上生秋草，日日樓中到夕陽。雲緲緲，水茫茫，征人歸路許多長。相思本是無憑語，莫向花牋費淚行。
568	一翦梅		宋	李清照	紅藕香殘玉簟秋；輕解羅裳，獨上蘭舟。雲中誰寄錦書來？雁字回時，月滿西樓。花自飄零水自流，一種相思，兩處閒愁。此情無計可消除，才下眉頭，卻上心頭。
569	佚題 (見隨園詩話卷十四)		清	史清溪	多情自古空餘恨，好夢由來最易醒。
570	集杭州俗語詩		清	黃增	色不迷人人自迷，情人眼裏出西施；有緣千里來相會，三笑徒然當一痴。
571	荷葉杯		唐	韋莊	記得那年花下，深夜，初識謝娘時；水堂西面畫簾垂，攜手暗相期。惆悵曉鶯殘月，相別，從此隔音塵。如今俱是異鄉人，相見更無因！
572	唐多令		宋	吳文英	何處合成愁？離人心上秋。縱芭蕉、不雨也颼颼。都道晚涼天氣好，有明月、怕登樓。年事夢中休，花空煙水流。燕辭歸、客尚淹留。垂柳不縈裙帶住，謾長是、繫行舟。
573	我儂詞		元	管道昇	你儂我儂，忒煞情多；情多處，熱如火；把一塊泥，捻一個你，塑一個我，將咱兩個一齊打破，用水調和；再捻一個你，再塑一個我。我泥中有你，你泥中有我；我與你生同一個衾，死同一個槨。
574	月		唐	李商隱	過水穿樓觸處明，藏人帶樹遠含清；初生欲缺虛惆悵，未必圓時即有情。
575	漁家傲		宋	歐陽修	為愛蓮房都一柄，雙苞雙蕊雙紅影；雨勢斷來風色定。秋水靜，仙郎彩女臨鷥影。妾有容華君不省，花無恩愛猶相並，花卻有情人薄倖。心耿耿，因花又染相思病。
576	八六子		宋	秦觀	倚危亭、恨如芳草，萋萋 盡還生。念柳外青驄別後，水邊紅袂分時，愴然暗驚。無端天與娉婷，夜月一簾幽夢，春風十里柔情。怎奈向歡娛，漸隨流水，素絃聲斷，翠綃香減。那堪片片飛花弄晚，濛濛殘雨籠晴。正銷凝，黃鶴又啼數聲。
577	玉樓春	詩 歌詞	宋	歐陽修;鄧麗君 唱	別後不知君遠近，觸目淒涼多少悶；漸行漸遠漸無書，水闊魚沈何處問？夜深風竹敲秋韻，萬葉千聲皆是恨。故欹單枕夢中尋，夢又不成燈又燼。
578	離思		唐	元稹	曾經滄海難為水，除卻巫山不是雲；取次次花叢懶迴顧，半緣修道半緣君。
579	八月		唐	章孝標	徙倚仙居繞翠樓，分明宮漏靜兼秋。長安夜夜家家月，幾處笙歌幾處愁。
580	更漏子		五代	李煜	金雀釵，紅粉面，花裏暫時相見。知我意，感君憐，此情須問天。香作穗，蠟成淚，還似兩人心意。山枕膩，錦衾寒，覺來更漏殘。
581	秦風 ‧ 蒹葭			詩經	蒹葭蒼蒼，白露為霜。所謂伊人，在水一方！溯洄從之，道阻且長。溯游從之，宛在水中央。蒹葭淒淒，白露未晞。所謂伊人，在水之湄。溯洄從之，道阻且躋。溯游從之，宛在水中坻。蒹葭采采，白露未已。所謂伊人，在水之涘。溯洄從之，道阻且右。溯游從之，宛在水中沚。
582	鷓鴣天	詞 歌詞	宋	聶勝瓊;鄧麗君 唱	玉慘花愁出鳳城，蓮花樓下柳青青；樽前一唱陽關曲，別個人兒第幾程？尋好夢，夢難成，有誰知我此時情？枕前淚共階前雨，隔個窗兒滴到明？
583	贈詩		唐	崔郊	公子王孫逐後塵，綠珠垂淚滴羅巾；侯門一入深似海，從此蕭郎是路人。
584	蝶戀花		宋	晏殊	檻菊愁煙蘭泣露，羅幕輕寒，燕子雙飛去。明月不諳離恨苦，斜光到曉穿朱戶。昨夜西風凋碧樹，獨上高樓，望盡天涯路。欲寄彩牋兼尺素，山長水闊知何處？
585	祝英臺近 (晚春)		宋	辛棄疾	寶釵分，桃葉渡，煙柳暗南。怕上層樓，十日九風雨。斷腸片片飛紅，都無人管，更誰勸，啼鶯聲住。鬢邊覷，試把花卜歸期，才簪又重數。羅帳燈昏，哽咽夢中語。是他春帶愁來，春歸何處，欲不解帶。
586	子夜歌		清	黃景仁	思君月正圓，望望月仍缺；多恐再圓時，不是今宵月。
587	浪淘沙		唐	白居易	借問江潮與海水，何似君情與妾心？相恨不如潮有信，相思始覺海非深。
588	燕子樓		唐	盼盼	樓上殘燈伴曉霜，獨眠人起合歡床。相思一夜情多少？地角天涯不是長。
589	三五七言詩		唐	李白	秋風清，秋月明，落葉聚還散，寒鴉棲復驚。相思相見知何日？此時此夜難為情。
590	兩般秋雨盦隨筆		清	梁紹壬	相思欲寄無從寄，畫個圈兒替；話在圈兒外，心在圈兒裏。我密密加圈，你須密密知儂意：單圈兒是我，雙圈兒是你；整圈兒是團圓，破圈兒是別離；還有那說不盡的相思，把一路圈兒圈到底。
591	更漏子		宋	溫庭筠	星斗稀，鐘鼓歇，簾外曉鶯殘月，蘭露重，柳風斜，滿庭堆落花。虛閣上，倚闌望，還似去年惆悵。春欲暮，思無窮，舊歡如夢中！
592	采桑子		宋	呂本中	恨君不似江樓月，南北東西，南北東西，只有相隨無別離。恨君卻似江樓月，暫滿還虧，暫滿還虧，待得團圓是幾時？
593	詩經（周南 ‧ 關睢）		周		關關睢鳩，在河之洲；窈窕淑女，君子好逑。參差荇菜，左右流之；窈窕淑女，寤寐求之。求之不得，寤寐思服；悠哉悠哉，輾轉反側。參差荇菜，左右芼之；窈窕淑女，鐘鼓樂之。
594	蘇慕遮 (懷舊)		宋	范仲淹	碧雲天，黃葉地，秋色連波，波上寒煙翠。山映斜陽天接水，芳草無情，更在斜陽外。黯鄉魂，追旅思，夜夜除非，好夢留人睡。明月樓高休獨倚，酒入愁腸，化作相思淚。
595	入月圓 (春晚次韻)		元	張可久	萋萋芳草春雲亂，愁在夕陽中；短亭別酒，平湖畫舫，垂柳驕驄。一聲啼鳥，一番風雨，一陣東風；桃花吹盡，佳人何在？門掩殘紅。
596	燕歌行		三國	曹丕	秋風蕭瑟天氣涼，草木搖落露為霜，群燕辭鵠歸南翔，念君客遊思斷腸。慊慊思歸戀故鄉，君為淹留寄他方！賤妾煢煢守空房，憂來思君不敢忘，不覺淚下霑衣裳。援琴鳴弦發清商，短歌微吟不能長。明月皎皎照我床，星漢西流夜未央。牽牛織女遙相望，爾獨何辜恨河梁？！
597	長門怨		唐	劉皂	淚滴長門秋夜長，愁心和雨到昭陽。淚痕不學君恩斷，拭卻千行更萬行。
598	望夫石		唐	王建	望夫處，江悠悠。化為石，不回頭。山頭日日風復雨，行人歸來石應語。
599	題拈花微笑圖		明	唐寅	昨夜海棠初著雨，數朵輕盈嬌欲語。佳人曉起出閨房，將來對鏡比紅粧。問郎花好儂顏好？郎道不如花窈窕。佳人見語發嬌嗔，不信死花勝活人！將花揉碎擲郎前，請郎今夜伴花眠。
600	暮秋獨遊曲江		唐	李商隱	荷葉生時春恨生，荷葉枯時秋恨成；深知身在情長在，悵望江頭江水聲。
601	息夫人		唐	王維	莫以今時寵，難忘舊日恩。看花滿眼淚，不共楚王言。
602	子夜歌		唐	王屋	妾心妾自惜，君心君自知；莫將後日情，不如初見時。
603	寄遠		唐	白居易	欲忘忘未得，欲去去無由；兩腋不生翅，二毛空滿頭。坐看新落葉，行上最高樓；晚色無邊際，茫茫盡眼愁。
604	寄遠		唐	杜牧	前山極遠碧雲合，清夜一聲白雪微。欲寄相思千里月，溪邊殘照雨霏霏。
605	江城子		宋	蘇軾	天涯流落思無窮，既相逢，卻匆匆。攜手佳人，和淚抑殘紅。為問東風餘幾許？春縱在，與誰同？隋堤三月水溶溶，背歸鴻，去吳中，回首彭城，清泗與淮通。欲寄相思千點淚，流不到，楚江東。
606	遣悲懷之三		唐	元稹	閒坐悲君亦自悲，百年多是幾多時？鄧攸無子尋知命，潘岳悼亡猶費詞。同穴窅冥何所望？他生緣會更難期；惟將終夜長開眼，報答平生未展眉。
607	寫情		唐	李益	水紋珍簟思悠悠，千里佳期一夕休。從此無心愛良夜，任他明月下西樓。
608	訴衷情		五代	顧敻	永夜拋人何處去？絕來音。香閣掩，眉歛；月將沉，爭忍不相尋？怨孤衾。換我心為你心，始知相憶深。
609	長生殿 ‧ 滿江紅 (上闕)		清	洪昇	今古情場，問誰個真心到底？但果有精誠不散，終成連理。萬里何愁南共北，兩心那論生與死。笑人間兒女悵緣慳，無情耳！
610	沈園		宋	陸游	城上斜陽畫角哀，沈園非復舊池臺；傷心橋下春波綠，曾是驚鴻照影來。
611	離京		清	龔自珍	浩蕩離愁白日斜，吟鞭東指即天涯；落紅不是無情物，化作春泥更護花。
612	紅樓夢 ‧ 枉凝眉		清	曹雪芹	一個是閬苑仙葩，一個是美玉無瑕。若說沒奇緣，今生偏又遇著他；若說有奇緣，如何心事終虛話？一個枉自嗟呀，一個空勞牽掛。一個是水中月，一個是鏡中花。想眼中能有多少淚珠兒，怎禁得秋流到冬，春流到夏！
613	踏莎行		宋	晏殊	碧海無波，瑤臺有路，思量便合雙飛去。當時輕別意中人，山長水遠知何處！綺席凝塵，香閨掩霧，紅牋小字憑誰附？高樓日盡欲黃昏，梧桐葉上瀟瀟雨。
614	西廂記 ‧ 正宮端正好		元	王實甫	碧雲天，黃花地，西風緊，北雁南飛。曉來誰染霜林醉，總是離人淚。
615	夜別筵		唐	元稹	夜長酒闌燈花長，燈花落地復落床；似我別淚三四行，滴君滿坐之衣裳。與君別後淚痕在，年年著衣心莫改。
616	紅樓夢 ‧ 紅豆詞		清	曹雪芹	滴不盡相思血淚拋紅豆；開不完春柳春花滿畫樓；睡不穩紗窗風雨黃昏後；忘不了新愁與舊愁。嚥不下玉粒金波噎滿喉；照不盡菱花鏡裏形容瘦；展不開的眉頭，捱不明更漏。呀！恰便似遮不住的青山隱隱，流不斷的綠水悠悠。
617	琴曲歌辭 ‧ ？梁妻歌		漢		樂莫樂兮新相知，悲莫悲兮生別離。哀感皇天兮城為隳。
618	江陵愁望寄子安		唐	魚玄機	楓葉千枝復萬枝，江橋掩映暮帆遲。憶君心似西江水，日夜東流無歇時。
619	消夏詞		清	季叔蘭	無主荷花開滿堤，蓮歌聲脆小樓西；鴛鴦自是多情甚，雨雨風風一處棲。
620	永遇樂 (彭城夜宿燕子樓，夢盼盼，因作此詞。)		宋	蘇軾	明月如霜，好風如水，清景無限。曲港跳魚，圓荷瀉露，寂寞無人見。紞如三鼓，鏗然一葉，黯黯夢雲驚斷，夜茫茫，重尋無處，覺來小園行遍。天涯倦客，山中歸路，望斷故園心眼。燕子樓空，佳人何在？空鎖樓中燕。古今如夢，何曾夢覺，但有舊歡新怨，異時對，黃樓夜景，為余浩歎。
621	下山歌		唐	宋之問	下嵩山兮多所思，攜佳人兮步遲遲；松間明月長如，此君遊兮復何時？
622	題盧五舊居		唐	李頎	物在人亡無見期，閒庭繫馬不勝悲；窗前綠竹生空地，門外青山如舊時。悵望秋天鳴墜葉，巑岏枯柳宿寒鴟；憶君淚落東流水，歲歲花開知為誰？
623	本事詩		現代	蘇曼殊	烏舍凌波肌似雪，親持紅葉索題詩；還卿一缽無情淚，恨不相逢未剃時。
624	春江花月夜 (之一) (續見之二)		唐	張若虛	春江潮水連海平，海上明月共潮生。灩灩隨波千萬里，何處春江無月明。江流宛轉繞芳甸，月照花林皆似霰。空裏流霜不覺飛，汀上白沙看不見。江天一色無纖塵，皎皎空中孤月輪。江畔何人初見月？江月何年初照人？人生代代無窮已，江月年年祇相似。不知江月待何人，但見長江送流水。白雲一片去悠悠，青楓浦上不勝愁。誰家今夜扁舟子？何處相思明月樓？可憐樓上月徘徊，應照離人妝鏡臺。玉戶簾中卷不去，擣衣帖上拂還來。此時相望不相聞，願逐月華流照君。鴻雁長飛光不度，魚龍潛躍水成文。昨夜閑潭夢落花，可憐春半不還家。
625	春江花月夜 (之二) (續之一)		唐	張若虛	江水流春去欲盡，江潭落月復西斜。斜月沈沈藏海霧，碣石瀟湘無限路。不知乘月幾人歸，落月搖情滿江樹。
626	葛履（魏風）		周		糾糾葛履，可以履霜。摻摻女手，可以縫裳。要之襋之，好人服之。好人提提，宛然左辟。佩其象揥。維是褊心，是以為刺。
627	雄雉（邶風）		周		雄雉于飛，泄泄其羽。我之懷矣，自詒伊阻。雄雉于飛，下上其音。展矣君子，實勞我心。瞻彼日月，悠悠我思。道之云遠，曷云能來？百爾君子，不知德行？不忮不求，何用不臧！
628	鶴鳴（小雅）		周		鶴鳴于九皋，聲聞于野。魚潛在淵，或在于渚。樂彼之園，爰有樹檀，其下維蘀。它山之石，可以為錯。鶴鳴于九皋，聲聞于天。魚在于渚，或潛在淵。樂彼之園，爰有樹檀，其下維榖。它山之石，可以攻玉。
629	北山（小雅）		周		陟彼北山，言採其杞。偕偕士子，朝夕從事。王事靡盬，憂我父母。溥天之下，莫非王土；率土之濱，莫非王臣。大夫不均，我從事獨賢。四牡彭彭，王事傍傍。嘉我未老，鮮我方將，旅力方剛，經營四方。或燕燕居息，或盡瘁事國；或息偃在床，或不已於行；或不知叫號，或慘慘劬勞；或棲遲偃仰，或王事鞅掌；或湛樂飲酒，或慘慘畏咎；或出入風議，或靡事不為。
630	四月（小雅）		周		四月維夏，六月徂暑。先祖匪人？胡寧忍予？秋日淒淒，百卉具腓。亂離瘼矣，爰其適歸？冬日烈烈，飄風發發。民莫不穀，我獨何害？山有嘉卉，侯栗侯梅。廢為殘賊，莫知其尤。相彼泉水，載清載濁。我日構禍，曷云能穀？滔滔江漢，南國之紀。盡瘁以仕，寧莫我有。匪鶉匪鳶，翰飛戾天；匪鱣匪鮪，潛逃于淵。山有蕨薇，隰有杞桋。君子作歌，維以告哀。
631	青蠅（小雅）		周		營營青蠅，止于樊。豈弟君子，無信讒言。營營青蠅，止于棘。讒人罔極，交亂四國。營營青蠅，止于榛。讒人罔極，構我二人。
632	燕燕（邶風）		周		燕燕于飛，差池其羽。之子于歸，遠送于野。瞻望弗及，泣涕如雨。燕燕于飛，頡之頏之。之子于歸，遠于將之。瞻望弗及，佇立以泣。燕燕于飛，上下其音。之子于歸，遠送于南。瞻望弗及，實勞我心。仲氏任只，其心塞淵。終溫且惠，淑慎其身。先君之思，以勗寡人。
633	擊鼓（邶風）		周		擊鼓其鏜，踴躍用兵。土國城漕，我獨南行！從孫子仲，平陳與宋；不我以歸，憂心有忡！爰居？爰處？爰喪其馬？于以求之？于林之下。死生契闊，與子成說，執子之手：與子偕老。于嗟闊兮，不我活兮！于嗟洵兮，不我信兮！
634	魚麗（小雅）		周		魚麗于罶，鱨鯊。君子有酒，旨且多。魚麗于罶，魴鱧。君子有酒，多且旨。魚麗于罶，鰋鯉。君子有酒，旨且有。物其多矣，維其嘉矣。物其旨矣，維其偕矣。物其有矣，維其時矣。
635	白駒（小雅）		周		皎皎白駒，食我場苗。縶之維之，以永今朝。所謂伊人，於焉逍遙。皎皎白駒，食我場藿。縶之維之，以永今夕。所謂伊人，於焉嘉客。皎皎白駒，賁然來思。爾公爾侯，逸豫無期。慎爾優游，勉爾遁思。皎皎白駒，在彼空容。生芻一束，其人如玉。毋金玉爾音，而有遐心。
636	無將大車（小雅）		周		無將大車，祇自塵兮！無思百憂，祇自底兮！無將大車，維塵冥冥！無思百憂，不出于熲！無將大車，維塵雝兮！無思百憂，衹自重兮！
637	載芟（周頌）		周		載芟載柞，其耕澤澤。千耦其耘，徂隰徂畛。侯主侯伯，侯亞侯旅，侯彊侯以。有嗿其饁，思媚其婦，有依其土。有略其耜，俶載南畝，播厥百穀，實函斯活。驛驛其達，有厭其傑。厭厭其苗，綿綿其麃。載穫濟濟，有實其積，萬億及秭。為酒為醴，烝畀祖妣，以洽百禮。有飶其香，邦家之光。有椒其馨，胡考之寧。匪且有且，匪今斯今，振古如茲。
638	良耜		周		畟畟良耜，俶載南畝，播厥百穀，實函斯活。或來瞻女，載筐及筥，其饟伊黍。其笠伊糾，其鎛斯趙，以媷荼蓼。荼蓼朽止，黍稷茂止。穫之挃挃，積之栗栗。其崇如墉，其比如櫛，以開百室。百室盈止，婦子寧止。殺時犉牡，有捄其角。以似以續，續古之人。
639	絲衣（周頌）		周		絲衣其紑，載弁俅俅。自堂徂基，自羊徂牛。鼐鼎及鼒。兕觥其觩，旨酒思柔。不吳不敖，胡考之休。
640	車舝（小雅甫田）		周		間關車之舝兮，思孌季女逝兮。匪飢匪渴，德音來括。雖無好友，式燕且喜。依彼平林，有集維鷮。辰彼碩女，令德來教。式燕且譽，好爾無射。雖無旨酒，式飲庶幾。雖無嘉殽，式食庶幾。雖無德與女，式歌且舞。陟彼高岡，析其柞薪。析其柞薪，其葉湑兮。鮮我覯爾，我心寫兮。高山仰止，景行行止。四牡騑騑，六轡如琴。覯爾新婚，以慰我心。
641	詠史		唐	高適	尚有綈袍贈，應憐范叔寒。不知天下士，猶作布衣看。
642	秋日		唐	耿湋	返照入閭巷，憂來誰共語？古道少人行，秋風動禾黍。
643	秋日湖上		唐	薛瑩	落日五湖遊，煙波處處愁。浮沉千古事，誰與問東流！
644	答武陵太守		唐	王昌齡	仗劍行千里，微軀敢一言。曾為大梁客，不負信陵恩。
645	江行望匡廬		唐	錢起	咫尺愁風雨，匡廬不可登。祇疑雲霧窟，猶有六朝僧。
646	贈喬侍郎		唐	陳子昂	漢廷榮巧宦，雲閣薄邊功。可憐驄馬使，白首為誰雄？
647	易水送別		唐	駱賓王	此地別燕丹，壯士髮衝冠。昔時人已沒，今日水猶寒。
648	別盧秦卿		唐	司空曙	知有前期在，難分此夜中。無將故人酒，不及石尤風。
649	答人		唐	太上隱者	偶來松樹下，高枕石頭眠。山中無曆日，寒盡不知年。
650	題義公禪房		唐	孟浩然	義公習禪寂，結宇依空林。戶外一峰秀，階前眾壑深。夕陽連雨足，空翠落庭陰。看取連花淨，方知不染心。
651	春日		宋	朱熹	勝日尋芳泗水濱，無邊光景一時新。等閒識得東風面，萬紫千紅總是春。
652	城東早春		唐	楊巨源	詩家清景在新春，綠柳纔黃半未勻。若待上林花似錦，出門俱是看花人。
653	春夜		宋	王安石	金爐香盡漏聲殘，剪剪輕風陣陣寒。春色惱人眠不得，月移花影上欄杆。
654	元日		宋	王安石	爆竹聲中一歲除，春風送暖入屠蘇。千門萬戶曈曈日，總把新桃換舊符。
655	江南春		唐	杜牧	千里鶯啼綠映紅，水村山郭酒旗風。南朝四百八十寺，多少樓臺煙雨中。
656	絕句		唐	僧志南	古木陰中繫短篷，杖藜扶我過橋東。沾衣欲濕杏花雨，吹面不寒楊柳風。
657	客中行		唐	李白	蘭陵美酒鬱金香，玉碗盛來琥珀光。但使主人能醉客，不知何處是他鄉。
658	題屏		唐	劉季孫	呢喃燕子語梁間，底事來驚夢裏閒。說與旁人渾不解，杖藜攜酒看芝山。
659	登山		唐	李涉	終日昏昏醉夢間，忽聞春盡強登山。因過竹院逢僧話，又得浮生半日閒。
660	送春		宋	王令	三月殘花落更開，小簷日日燕飛來。子規夜半猶啼血，不信東風喚不回。
661	客中初夏		宋	司馬光	四月清和雨乍晴，南山當戶轉分明。更無柳絮因風起，惟有葵花向日傾。
662	初夏睡起		宋	楊萬里	梅子流酸濺齒牙，芭蕉分綠上窗紗。日長睡起無情思，閑看兒童捉柳花。
663	田家		宋	范成大	晝出耘田夜績麻，村莊兒女各當家。童孫未解供耕織，也傍桑陰學種瓜。
664	題淮南寺		宋	程顥	南去北來休便休，白蘋吹盡楚江秋。道人不是悲秋客，一任晚山相對愁。
665	秋月		宋	程顥	清溪流過碧山頭，空水澄鮮一色秋。隔斷紅塵三十里，白雲紅葉兩悠悠。
666	立秋		宋	劉翰	乳鴉啼散玉屏空，一枕新涼一扇風。睡起秋聲無覓處，滿階梧葉月明中。
667	西湖（題臨安邸）		宋	林升	山外青山樓外樓，西湖歌舞幾時休？暖風薰得遊人醉，直把杭州作汴州。
668	西湖（曉出淨慈送林子方）		宋	楊萬里	畢竟西湖六月中，風光不與四時同。接天蓮葉無窮碧，映日荷花別樣紅。
669	湖上初雨		宋	蘇軾	水光瀲灩晴初好，山色空濛雨亦奇。欲把西湖比西子，淡粧濃抹總相宜。
670	水亭		宋	蔡確	紙屏石枕竹方床，手倦拋書午夢長。睡起莞然成獨笑，數聲漁笛在滄浪。
671	竹樓		唐	李嘉祐	傲吏身閒笑五侯，西江取竹起高樓。南風不用蒲葵扇，紗帽閒眠對水鷗。
672	觀書有感		宋	朱熹	半畝方塘一鑑開，天光雲影共徘徊。問渠那得清如許？為有源頭活水來。
673	冷泉亭		宋	林稹	一泓清可沁詩脾，冷暖年來只自知。流出西湖載歌舞，回頭不似在山時。
674	贈劉景文		宋	蘇軾	荷盡已無擎雨蓋，菊殘猶有傲霜枝。一年好景君須記，最是橙黃橘綠時。
675	題秋江獨釣圖		清	王士禎	一蓑一笠一扁舟，一丈絲綸一寸釣；一曲高歌一樽酒，一人獨釣一江秋。
676	暮江吟		唐	白居易	一道殘陽鋪水中，半江瑟瑟半江紅。可憐九月初三夜，露似真珠月似弓。
677	善惠偈		明	善惠	空手把鋤頭，步行騎水牛；人在橋上過，橋流水不流。
678	秦淮雜詩		清	王士禎	年來腸斷秣陵舟，夢繞秦淮水上樓。十日雨絲風片裏，濃春煙景似殘秋。
679	湖心亭		清	張錦麟	湖光如雲靜無波，綠酒紅亭倚醉歌。三面青山四圍水，藕花香處笛船多。
680	鶯		唐	吳融	日落林西鳥未知，自先飛上最高枝。千啼萬語不離恨，已去又來如有期。慣識江南春早處，長驚薊北夢回時。謝家園裏成吟久，只欠池塘一句詩。
681	竹石		清	鄭燮	咬定青山不放鬆，立根原在破岩中。千磨萬擊還堅勁，任你東西南北風。
682	村居		宋	張舜明	水繞陂田竹繞籬，榆錢落盡槿花稀；夕陽牛背無人臥，帶得寒鴉兩兩歸。
683	晚春		宋	王令	三月殘花落更開，小檐日日燕飛來。子規夜半猶啼血，不信東風喚不回。
684	臨安春雨初霽		宋	陸游	世味年來薄似紗，雖令騎馬客京華。小樓一夜聽春雨，深巷明朝賣杏花。矮紙斜行閑作草，晴窗細乳戲分茶。素衣莫起風塵嘆，猶及清明可到家。
685	咸陽城西樓晚眺		唐	許渾	一上高城萬里愁，蒹葭楊柳似汀洲；溪雲初起日沉閣，山雨欲來風滿樓。鳥下綠蕪秦苑夕，蟬鳴黃葉漢宮秋；行人莫問當年事，故國東來渭水流。
686	滿庭芳		宋	秦觀	山抹微雲，天黏衰草，畫角聲斷譙門；暫停征棹，聊共飲離尊。多少蓬萊舊事，空回首，煙靄紛紛。斜陽外，寒鴉數點，流水繞孤村。銷魂，當此際，香囊暗解，羅帶輕分。謾贏得青樓，薄倖名存。此去何時見也，襟袖上空染啼痕；傷情處：高城望斷，燈火已黃昏。
687	宿桐廬江寄廣陵舊遊		唐	孟浩然	山暝聽猿愁，滄江急夜流；風鳴雨岸葉，月照一孤舟。建德非吾土，維揚憶舊遊；還將雨行淚，遙寄海西頭。
688	石頭城		唐	劉禹錫	山圍故國周遭在，潮打空城寂寞回；淮水東邊舊時月，夜深還過女牆來。
689	秋寄從兄賈島		唐	無可	暝蟲暄暮色，默思坐西林。聽雨寒更徹，開門落葉深。昔因京邑病，並起洞庭心。亦是吾兄事，遲回共至今。
690	絕句		宋	趙孟頫	春寒側側掩重門，金鴨香殘火尚溫；燕子不來花又落，一庭風雨自黃昏。
691	壬戍清明作		明	屈大均	朝作輕雲暮作陰，愁中不覺已春深。落花有淚因風雨，啼鳥無情自古今。故國江山徒夢寐，中華人物又消沉。龍蛇四海歸無所，寒食年年愴客心。
692	道遇贊善庵		元	薩都刺	夕陽欲下少行人，綠遍苔茵路不分；修竹萬竿松影亂，山風吹作滿窗雲。
693	花非花		唐	白居易	花非花，霧非霧，夜半來，天明去，來如春夢幾多時，去似朝雲無覓處。
694	勞勞亭		唐	李白	天下傷心處，勞勞送客亭；春風知別苦，不遣柳條青。
695	三衢道中		宋	曾幾	梅子黃時日日晴，小溪泛盡卻山行。綠陰不減來時路，添得黃鸝四五聲。
696	夏日		宋	戴復古	乳鴨池塘水淺深，熟梅天氣半晴陰。東園載酒西園醉，摘盡枇杷一樹金。
697	晚樓閒坐		宋	黃庭堅	四顧山光接水光，憑欄十里芰荷香。清風明月無人管，并作南來一味涼。
698	梅		宋	王淇	不受塵埃半點侵，竹籬茅舍自甘心。只因誤識林和靖，惹得詩人說到今。
699	雪梅（其一）		宋	盧梅坡	梅雪爭春未肯降，騷人擱筆費評章。梅須遜雪三分白，雪卻輸梅一段香。
700	雪梅（其二）		宋	盧梅坡	有梅無雪不精神，有雪無詩俗了人。日暮詩成天又雪，與梅並作十分春。
701	曲江對酒（其一）		唐	杜甫	一片花飛減卻春，風飄萬點正愁人。且看欲盡花經眼，莫厭傷多酒入唇。江上小堂巢翡翠，苑邊高塚臥麒麟。細推物理須行樂，何用浮名絆此身。
702	曲江對酒（其二）		唐	杜甫	朝回日日典春衣，每日江頭盡醉歸。酒債尋常行處有，人生七十古來稀。穿衣蛺蝶深深見，點水蜻蜓款款飛。傳語風光共流轉，暫時相賞莫相違。
703	聞笛		唐	趙嘏	誰家吹笛畫樓中，斷續聲隨斷續風。響遏行雲橫碧落，清和冷月到簾櫳。興來三弄有桓子，賦就一篇懷馬融。曲罷不知人在否？餘音嘹喨尚飄空。
704	桃夭（周南）		周		桃之夭夭，灼灼其華；之子于歸，宜其室家。桃之夭夭，有蕡其實；之子于歸，宜其家室。桃之夭夭，其葉蓁蓁；之子于歸，宜其家人。
705	樛木（周南）		周		南有樛木，葛藟纍之，樂只君子，福履綏之。南有樛木，葛藟荒之；樂只君子，福履將之。
706	木瓜（國風 ‧ 魏）		周		投我以木瓜，報之以瓊琚。匪報也，永以為好也。投我以木桃，報之以瓊瑤。匪報也，永以為好也。投我以木李，報之以瓊玖，永以為好也。
707	女曰雞鳴（國風 ‧ 鄭）		周		女曰：「雞鳴」。士曰：「昧旦」。「子興視夜」。「明星有爛，將翱將翔，弋鳧與鴈」。「戈言加之，與子宜之。宜言飲酒。與子偕老。琴瑟在御，莫不靜好。」「知子之來之，雜佩以贈之；知子之順之，雜佩以問之；知子之好之，雜佩以報之。」
708	狡童（國風 ‧ 鄭）		周		彼狡童兮，不與我言兮，維子之故，使我不能餐兮！彼狡童兮，不與我食兮，維子之故，使我不能息兮！
709	子衿（國風 ‧ 鄭）		周		青青子衿，悠悠我心，縱我不往，子寧不嗣音？青青子衿，悠悠我心，縱我不往，子寧不來？挑兮達兮，在城闕兮。一日不見，如三月兮。
710	東方未明（國風 ‧ 齊）		周		東方未明，顛倒衣裳。顛之倒之，自公召之。東方未晞，顛倒裳衣。倒之顛之，自公令之。折柳樊圃，狂夫瞿瞿。不能辰夜，不夙則莫。
711	蒹葭（國風 ‧ 秦）		周		蒹葭蒼蒼，白露為霜，所謂伊人，在水一方，溯洄從之，道阻且長，溯游從之，宛在水中央。蒹葭淒淒，白露未晞。所謂伊人，在水之湄。溯洄從之，道阻且躋；溯游從之，宛在水中坻。蒹葭采采，白露未已，所謂伊人，在水之涘。溯洄從之，道阻且右，溯游從之，宛在水中沚。
712	無衣（國風 ‧ 秦）		周		豈曰無衣，與子同袍？王于興師，修我戈矛，與子同仇。豈曰無衣，與子同澤？王于興師，修我戈撠，與子偕作。豈曰無衣，與子同裳？王子興師，修我甲兵，與子偕行。
713	紅樓開卷詩		清	曹雪芹	滿紙荒唐言，一把辛酸淚。都云作者癡，誰解其中味？
714	甄士隱夢幻識通靈 賈雨村風塵懷閨秀		清	曹雪芹	自己受了他雨露之惠，我並無此水可還；他若下世為人，我也同去走一遭，但把我一生的眼淚還他，也還得過了！
715	甄士隱夢幻識通靈 賈雨村風塵懷閨秀		清	曹雪芹	假作真時真亦假，無為有處有還無。
716	甄士隱夢幻識通靈 賈雨村風塵懷閨秀		清	曹雪芹	慣養嬌生笑你癡，菱花空對雪澌澌。好防佳節元宵後，便是煙消火滅時。
717	甄士隱夢幻識通靈 賈雨村風塵懷閨秀		清	曹雪芹	未卜三生願，頻添一段愁。悶來時歛額，行去幾回頭。自顧風前影，誰堪月下儔？蟾光如有意，先上玉人樓。
718	好了歌		清	曹雪芹	世人都曉神仙好，惟有功名忘不了。古今將相在何方？荒塚一堆草沒了！世人都曉神仙好，只有金銀忘不了。終朝只恨聚無多，及到多時眼閉了！世人都曉神仙好，只有姣妻忘不了。君生日日說恩情，君死又隨人去了！世人都曉神仙好，只有兒孫忘不了。癡心父母古來多，孝順子孫誰見了！
719	甄士隱解「好了歌」		清	曹雪芹	陋室空堂，當年笏滿床；衰草枯楊，曾為歌舞場。蛛絲兒結滿雕梁，綠紗今又在蓬窗上。說什麼脂正濃，粉正香！如何雨鬢又成霜？昨日黃土隴頭埋白骨，今宵紅綃帳底臥鴛鴦。金滿箱，銀滿箱，轉眼乞丐人皆謗。正歎他人命不長，那知自己歸來喪？訓有方，保不定日後作強梁；擇膏梁，誰承望流落在煙花巷！因嫌紗帽小，致使鎖枷扛。昨憐破襖寒，今嫌紫蟒長。亂烘烘，你方唱罷我登場，反認他鄉是故鄉。甚荒唐，到頭來，都是為他人作嫁衣裳！
720	賈夫人仙逝揚州城 冷子興演說榮國府		清	曹雪芹	身後有餘忘縮手，眼前無路想回頭。
721	西江月		清	曹雪芹	無故尋愁覓恨，有時似傻如狂。縱然生得好皮囊，腹內原來草莽。潦倒不通庶務，愚頑怕讀文章。行為偏僻性乖張，那管世人誹謗？
722	西江月		清	曹雪芹	富貴不知樂業，貧窮難耐淒涼。可憐辜負好時光，於國於家無望。天下無能第一，古今不肖無雙。寄言紈 與膏梁：莫效此兒形狀！
723	賈寶玉神遊太虛境 警幻仙曲演紅樓夢		清	曹雪芹	春夢隨雲散，飛花逐水流。寄言眾兒女，何必覓閒愁？
724	賈寶玉神遊太虛境 警幻仙曲演紅樓夢		清	曹雪芹	橫聯：孽海情天。對聯：厚地高天，堪歎古今情不盡；癡男怨女，可憐風月債難酬。
725	賈寶玉神遊太虛境 警幻仙曲演紅樓夢		清	曹雪芹	霽月難逢，彩雲易散。心比天高，身為下賤。風流靈巧招人怨。壽夭多因誹謗生，多情公子空牽念。枉自溫柔和順，空云似桂如蘭。堪羨優伶有福，誰知公子無緣！根並荷花一莖香，平生遭際實堪傷。自從兩地生孤木，致使香魂返故鄉。可歎停機德，堪憐詠絮才！玉帶林中掛，金簪雪裏埋。二十年來辨是非，榴花開處照宮闈。三春爭及初春景？虎兔相逢大夢歸。才自清明志自高，生於末世運偏消。清明涕泣江邊望，千里東風一夢遙。
726	賈寶玉神遊太虛境 警幻仙曲演紅樓夢		清	曹雪芹	富貴又何為？襁褓之間父母違。展眼弔斜，暉湘江水逝楚雲飛。欲潔何曾潔，云空未必空。可憐金玉質，終陷淖泥中！子係中山狼，得志便猖狂。金閨花柳質，一載赴黃梁。勘破三春景不長，緇衣頓改昔年粧。可憐繡戶侯門女，獨臥青燈古佛旁！凡鳥偏從末世來，都知愛慕此生才。一從二令三人木，哭向金陵事更哀！勢敗休云貴，家亡莫論親。偶因濟村婦，巧得遇恩人。桃李春風結子完，到頭誰似一盆蘭？如冰水好空相妒，枉與他人作笑談。
727	賈寶玉神遊太虛境 警幻仙曲演紅樓夢		清	曹雪芹	情天情海幻情深，情既相逢必主淫。漫言不肖皆榮出，造釁開端實在寧。
728	紅樓夢引子		清	曹雪芹	開闢鴻濛，誰為情種？都只為風月情濃，奈何天，傷懷日，寂寞時，試遣愚衷：因此上，演出這悲金悼玉的紅樓夢。
729	終身誤		清	曹雪芹	都道是金玉良緣，俺只念木石前盟。空對著山中高晶瑩雪，終不忘世外仙姝寂寞林。歎人間，美中不足今方信：縱然是齊眉舉案，到底意難平！
730	枉凝眉		清	曹雪芹	一個是聞苑仙葩，一個是美玉無瑕。若說沒奇緣，今生偏又遇著他；若說有奇緣，如何心事終虛話？一個枉自嗟呀，一個空勞牽掛。一個是水中月，一個是鏡中花。想眼中能有多少淚珠兒？怎禁得秋流到冬，春流到夏？
731	恨無常		清	曹雪芹	喜榮華正好，恨無常又到。眼睜睜，把萬事全拋。蕩悠悠，芳魂銷耗。望家鄉，路遠山高，故向爹娘夢相尋告：兒命已入黃泉，天倫呵，須要退步抽身早！
732	分骨肉		清	曹雪芹	一帆風雨路三千，把骨肉家園齊來拋閃。恐哭損殘年，告爹娘，休把兒懸念：自古窮通皆有定，離合豈無緣？從今分兩地，各自保平安。奴去也，莫牽連！
733	樂中悲		清	曹雪芹	襁褓中，父母歎雙亡。縱居那綺羅叢，誰知嬌養？幸生來英豪闊大寬宏量，從未將兒女私情，略縈心上，好一似霽月光風耀玉堂。配得才貌仙郎，博得個地久天長，準折得幼年時坎坷形狀。終久是雲散高唐，水涸湘江：這是塵寰中消長，數應當，何必枉悲傷？
734	世難容		清	曹雪芹	氣質美如蘭，才華馥比仙，天生成孤癖人皆罕。你道是啖肉食--腥膻，視綺羅--俗厭；卻不知好高人愈妒，過潔世同嫌。可歎這青燈古殿人將老，孤負了紅粉朱樓春色闌！到頭來，依舊是風塵骯髒違心願，好一似無瑕白玉遭泥陷。又何須王孫公子歎無緣？
735	喜冤家		清	曹雪芹	中山狼，無情獸，全不念當日根由，一味的嬌奢淫蕩貪歡媾。覷著那侯門豔質同蒲柳，作踐的公府千金似下流。歎芳魂豔魄，一載蕩悠悠！
736	虛花悟		清	曹雪芹	將那三春看破，桃紅柳綠待如何？把這韶華打滅，覓那清淡天和。說什麼天上千桃盛，雲中杏蕊多？到頭來，誰見把秋捱過？則看那，白楊村裏人嗚咽，青楓林下鬼吟哦，更兼著連天衰草遮墳墓。這的是昨貧今富人勞碌，春榮秋謝花折磨。似這般生關死劫誰能躲？聞說道西方寶樹喚婆娑，上結著長生果。
737	聰明累		清	曹雪芹	機關算盡太聰明，反算了卿卿性命！生前心已碎，死後性空靈。家富人寧，終有個家亡人散各奔騰。枉費了意懸懸半世心，好一似蕩悠悠三更夢。忽喇喇，似大廈傾；昏慘慘，似燈將盡。呀！一場歡喜忽悲辛，歎人世，終難定！
738	留餘慶		清	曹雪芹	留餘慶，留餘慶，忽遇恩人。幸娘親，幸娘親，積得陰功。勸人生：濟困扶窮，休似俺那愛銀錢忘骨肉的狠舅奸兄！正是乘除加減，上有蒼穹。
739	晚韶華		清	曹雪芹	鏡裏恩情，更那堪夢裏功名！那美韶華去之何迅？再休提繡帳鴛衾，只這戴珠冠，披鳳襖，也抵不了無常性命！雖說是人生莫受老來貧，也須要陰 積兒孫。氣昂昂頭戴簪纓，光燦燦胸懸金印，威赫赫爵祿高登，昏慘慘黃泉路近。問古來將相可還存？也只是虛名兒後人欽敬。
740	好事終		清	曹雪芹	畫梁春盡落香塵。擅風情，秉月貌，便是敗家的根本。箕裘頹墮皆從敬，家事消亡首罪寧。宿孽總因情！
741	飛鳥各投林		清	曹雪芹	為官的，家業凋零；富貴的，金銀散盡；有恩的，死裏逃生；無情的，分明報應；欠命的，命已還；欠淚的，淚已盡：冤冤相報自非輕，分離聚合皆前定。欲知命短問前生，老來富貴也真徼倖。看破的，遁入空門；癡迷的，枉送了性命：好一似食盡鳥投林，落了片白茫茫大地真乾淨！
742	黑衣人		現代	楊牧	飄來，飄去。在我眼睫之間。小立門外，憶憶濤聲。黑衣人是雲啊！暴雨之前，我把掛在窗前的雨景取下，把蒼老的梧桐影取下，把你取下。
743	再見鷹之台		現代	黃雅歆	激情之後，這時我忽然覺得也許只是因為身在異鄉，才使我們的相遇如此興奮莫名；而也許也是因為相敘的時間是如此緊迫，才教人這般的不忍。而方才那句：再聯絡啊，再聯絡！是不是像飄散在風中的氣泡，美麗而脆弱？這樣的再見應該是最完美的吧！像兩列火車的忽然錯身，你卻能遇見曾經熟悉的臉，因為短暫，所以感動至深、至久。
744	有鳳來儀		清	曹雪芹	秀玉初成實，堪宜待鳳凰。竿竿青欲滴，個個綠生涼。迸砌防階水，穿簾礙鼎香。莫搖分碎影，好夢正初長。
745	蘅芷清芬		清	曹雪芹	蘅蕪滿靜苑，蘿薜助芬芳。軟襯三春草，柔拖一縷香。輕煙迷曲徑，冷翠濕衣裳。誰謂「池」曲？謝家幽夢長。
746	怡紅快綠		清	曹雪芹	深庭長日靜，兩兩出嬋娟。綠蠟春猶捲，紅粧夜未眠。憑欄垂絳袖，倚石護青煙。對立東風裏，主人應解憐。
747	杏帘在望		清	曹雪芹	杏帘招客飲，在望有山莊。菱荇鵝兒水，桑榆燕子梁。一畦春韭熟，十里稻花香。盛世無饑餒，何須耕織忙？
748	聽曲文寶玉悟禪機 製燈謎賈政悲讖語		清	曹雪芹	漫搵英雄淚，相離處士家，謝慈悲，剃度在蓮台下。沒緣法，轉眼分離乍。赤條條，來去無牽掛。那裏討煙簑雨笠捲單行？一任俺芒鞋破缽隨緣化！
749	南華經				巧者勞而智者憂；無能者無所求，蔬食而遨遊，汎若不繫之舟。
750	聽曲文寶玉悟禪機 製燈謎賈政悲讖語		清	曹雪芹	你證我證，心證意證。是無有證，斯可云證。無可云證，是立足境。
751	聽曲文寶玉悟禪機 製燈謎賈政悲讖語		清	曹雪芹	無我原非你，從他不解伊，肆行無礙憑來去。茫茫著甚悲愁喜？紛紛說甚親疏密？從前碌碌卻因何？到如今，回頭試想真無趣！
752	燈謎之一		清	曹雪芹	能使妖魔膽盡摧，身如束帛氣如雷。一聲震得人方恐，回首相看已化灰。
753	燈謎之二		清	曹雪芹	天運無功理不窮，有功無運也難逢。因何鎮日紛紛亂？只為陰陽數不通。
754	燈謎之三		清	曹雪芹	階下兒童仰面時，清明粧點最堪宜。遊絲一斷渾無力，莫向東風怨別離。
755	燈謎之四		清	曹雪芹	朝罷誰攜兩袖煙？琴邊衾裏兩無緣。曉籌不用雞人報，五夜無煩侍女添。焦首朝朝還暮暮，煎心日日復年年。光陰荏苒須當惜，風雨陰晴任變遷。
756	燈謎之五		清	曹雪芹	南面而坐，北面而朝。「象憂亦憂，象喜亦喜。」
757	燈謎之六		清	曹雪芹	有眼無珠腹內空，荷花出水喜相逢。梧桐葉落分離別，恩愛夫妻不到冬。
758	春夜即事		清	曹雪芹	霞綃雲幄任鋪陳，隔巷蛙聲聽未真。枕上輕寒窗外雨，眼前春色夢中人。盈盈燭淚因誰泣？點點花愁為我嗔。自是小鬟嬌懶慣，擁衾不耐笑言頻。
759	夏夜即事		清	曹雪芹	倦繡佳人幽夢長，金籠鸚鵡喚茶湯。窗明麝月開宮鏡，室靄檀雲品御香。琥珀杯傾荷露滑，玻璃檻納柳風涼。水亭處處齊紈動，簾捲朱樓罷晚粧。
760	秋夜即事		清	曹雪芹	絳芸軒裏絕喧嘩，桂魄流光浸茜紗。苔鎖石紋容睡鶴，井飄桐露濕棲鴉。抱衾婢至舒金鳳，柯檻人歸落翠花。靜夜不眠因酒渴，沉煙重撥索烹茶。
761	冬夜即事		清	曹雪芹	梅魂竹夢已三更，錦罽□衾睡未成。松影一庭惟見鶴，朵花滿地不聞鶯。女奴翠袖詩懷冷，公子金貂酒力輕。卻喜侍兒知試茗，掃將新雪及時烹。
762	衡門（國風 ‧ 陳）		周		衡門之下，可以棲遲，泌之洋洋，可以樂饑。豈其食魚，必河之魴？豈其娶妻，必齊之姜？豈其食魚，必河之鯉？豈其娶妻，必宋之子？
763	鳲鳩（國風 ‧ 曹）		周		鳲鳩在桑，其子七兮。淑人君子，其儀一兮。其儀一兮，心如結兮。鳲鳩在桑，其子在梅。淑人君子，其帶伊絲。其帶伊絲，其弁伊騏。鳲鳩在桑，其子在棘。淑人君子，其儀不忒。其儀不忒，正是四國。鳲鳩在桑，其子在榛。淑人君子，正是國人。正是國人，胡不萬年！
764	東山（國風 ‧ 豳）		周		我徂東山，慆慆不歸。我來自東，零雨其濛。我東曰歸，我心西悲。制彼裳衣，勿士行枚。蜎蜎者蠋，烝在桑野。敦彼獨宿，亦在車下。我徂東山，慆慆不歸。我來自東，零雨其濛。果臝之實，亦施于宇；伊威在室。蠨蛸在戶，町畽鹿場，熠燿宵行，不可畏也，伊可懷也。我徂東山，慆慆不歸，我來自東，零雨其濛。鸛鳴于垤，婦歎于室。洒掃穹窒，我征聿至。有敦瓜苦，烝在栗薪。自我不見，于今三年。我徂東山，慆慆不歸。我來自東，零雨其濛。倉庚于飛，熠燿其羽。之子于歸，皇駁其馬，親結其褵，九十其儀。其新孔嘉，其舊如之何？
765	蜂腰橋設言傳心事 瀟湘館春困發幽情		清	曹雪芹	顰兒才貌世應稀，獨抱幽芳出繡闈。嗚咽一聲猶未了，落花滿地鳥驚飛。
766	蜂腰橋設言傳心事 瀟湘館春困發幽情		清	曹雪芹	也犯不著氣他們。俗語說的，「千里搭長棚，沒有個不散的筵席」，誰守一輩子呢？不過三年五載，各人幹各人的去了，那時誰還管誰呢？
767	葬花詞 之一（續見之二）		清	曹雪芹	花謝花飛飛滿天，紅消香斷有誰憐？遊絲軟繫飄春榭，落絮輕沾撲繡簾。閨中女兒惜春暮，愁緒滿懷無著處。手把花鋤出繡簾，忍踏落花來復去？柳絲榆莢自芳菲，不管桃飄與李飛。桃李明年能再發，明年閨中知有誰？三月香巢初壘成，樑間燕子太無情！明年花發雖可啄，卻不道人去樑空巢已傾？一年三百六十日，風刀霜劍嚴相逼。明媚鮮妍能幾時？一朝飄泊難尋覓。花開易見落難尋，階前愁殺葬花人，獨把花鋤偷灑淚，灑上空枝見血痕。杜鵑無語正黃昏，荷鋤歸去掩重門。青燈照壁人初睡，冷兩敲窗被未溫。怪儂底事倍傷神？半為憐春半惱春： （續見之二）
768	葬花詞 之二（續之一）		清	曹雪芹	憐春忽至惱忽去，至又無言去不聞。昨宵庭外悲歌發，知是花魂與鳥魂？花魂鳥魂總難留，鳥自無言花自羞。願儂此日生雙翼，隨花飛到天盡頭！天盡頭，何處有香坵？未若錦囊收艷骨，一抔淨土掩風流。質本潔來還潔去，不教污淖陷渠溝。爾今死去儂收葬，未卜儂身何日喪？儂今葬花人笑癡，他年葬儂知是誰？試看春殘花漸落，便是紅顏老死時。一朝春盡紅顏老，花落人亡兩不知。
769	魘魔法叔嫂逢五鬼 通靈玉蒙蔽遇雙真		清	曹雪芹	天不拘兮地不羈，心頭無喜亦無悲。只因煆煉通靈後，便向人間惹是非！粉漬脂痕污寶光，房櫳日夜困鴛鴦。沉酣一夢終須醒，冤債償清好散場！
770	享福人福深還禱福 多情女情重忥斟情		清	曹雪芹	因你也將真情真意瞞起來，我也將真情真意瞞起來，都只用假意試探，如此兩假相逢，終有一真。
771	撕扇子作千金一笑 因麒麟伏白首雙星		清	曹雪芹	人有聚就有散，聚時喜歡，到散時豈不清冷？既清冷則生感傷，所以不如倒是不聚的好。比如那花兒開的時候兒叫人愛，到謝的時候兒便增了許多惆悵，所以倒是不開的好。
772	情中情因情感妹妹 錯裏錯以錯哥哥		清	曹雪芹	眼空蓄淚淚空垂，暗灑閒拋更向誰？尺幅鮫鮹勞惠贈，為君那得不傷悲？
773	情中情因情感妹妹 錯裏錯以錯勸哥哥		清	曹雪芹	拋珠滾玉只偷潸，鎮日無心鎮日閒。枕上袖邊難拂拭，任他點點與斑斑。
774	情中情因情感妹妹 錯裏錯以錯勸哥哥		清	曹雪芹	彩線難收面上珠，湘江舊跡已模糊。窗前亦有千竿竹，不識香痕漬也無？
775	詠白海棠 之一		清	曹雪芹	斜陽寒草帶重門，苔翠盈鋪雨後盆。玉是精神難比潔，雪為肌骨易銷魂。芳心一點嬌無力，倩影三更月有痕，莫道縞仙能羽化，多情伴我詠黃昏。
776	詠白海棠 之二		清	曹雪芹	珍重芳姿晝掩門，自攜手甕灌苔盆。胭脂洗出秋階影，冰雪招來露砌魂。淡極始知花更豔，愁多焉得玉無痕？欲償白帝宜清潔，不語婷婷日又昏。
777	詠白海棠 之三		清	曹雪芹	秋容淺淡映重門，七節攢成雪滿盆。出浴太真冰作影，捧心西子玉為魂。曉風不散愁千點，宿雨還添淚一痕。獨倚畫欄如有意，清砧怨笛送黃昏。
778	詠白海棠 之四		清	曹雪芹	半掩湘簾半掩門，碾冰為土玉為盆。偷來梨蕊三分白，借得梅花一縷魂。月窟仙人縫縞袂，秋閨怨女拭拭啼痕。嬌羞默默同訴？倦倚西風夜已昏。
779	詠白海棠 之五		清	曹雪芹	神仙昨日降都門，種得藍田玉一盆。自是霜娥偏愛冷，非關倩女欲離魂。秋陰捧出何方雪？雨漬添來隔宿痕。卻喜詩人吟不倦，肯令寂寞度朝昏？
780	詠白海棠 之六		清	曹雪芹	荇芷階通蘿薜門，也宜牆角也宜盆。花因喜潔難尋偶，人為悲秋易斷魂。玉燭滴乾風裏淚，晶簾隔破月中痕。幽情欲向嫦娥訴，無那虛廊月色昏！
781	生命若不是現在，那是何時？				忙的時候，想要休息；渡假的時候想到未來。窮的時候，渴望富有；生活安逸了，怕幸福不能長久。該決定的時候，擔心結果不如預期；看明白了，後悔當初沒有下定決心。不屬於自己的，常常心存慾望；握在手裡了，又懷念未擁有前的輕鬆。「生命若不是現在，那是何時？」
782	憶菊		清	曹雪芹	悵望西風抱悶思，蓼紅葦白斷腸時。空籬舊圃秋無跡，冷月清霜夢有知。念念心隨歸雁遠，寥寥坐聽晚砧遲。誰憐我為黃花瘦？慰語重陽會有期。
783	訪菊		清	曹雪芹	閒趁霜晴試一遊，酒杯藥盞莫淹留。霜前月下誰家種？檻外籬邊何處秋？蠟屐遠來情得得，冷吟不盡興悠悠。黃花若解憐詩客，休負今朝掛杖頭。
784	種菊		清	曹雪芹	攜鋤秋圃自移來，籬畔庭前處處栽。昨夜不期經雨活，今朝猶喜帶霜開。冷吟秋色詩千首，醉酹寒香酒一杯。泉溉泥封勤護惜，好和井徑絕塵埃。
785	對菊		清	曹雪芹	別圃移來貴比金，一叢淺淡一叢深。蕭疏籬畔科頭坐，清冷香中抱膝吟。數去更無君傲世，看來惟有我知音。秋光荏苒休辜負，相對原宜惜寸陰。
786	供菊		清	曹雪芹	彈琴酌酒喜堪儔，几案婷婷點綴幽。隔坐香分三徑露，拋書人對一枝秋。霜清紙帳來新夢，圃冷斜陽憶舊遊。傲世也因同氣味，春風桃李未淹留。
787	詠菊		清	曹雪芹	無賴詩魔昏曉侵，繞籬欹石自沉音。毫端蘊秀臨霜寫，口角噙香對月吟。滿紙自憐題素怨，片言誰解訴秋心？一從陶令評章後，千古高風說到今。
788	畫菊		清	曹雪芹	詩餘戲筆不知狂，豈是丹青費較量？聚葉潑成千點墨，攢花染出幾痕霜。淡濃神會風前影，跳脫秋生腕底香。莫認東籬閒採掇，粘屏聊以慰重陽。
789	問菊		清	曹雪芹	欲訊秋情眾莫知，喃喃負手叩東籬：孤標傲世偕誰隱？一樣開花為底遲？圃露庭霜何寂寞？雁歸蛩病可相思？莫言舉世無談者，解語何妨話片時？
790	簪菊		清	曹雪芹	瓶供籬栽日日忙，折來休認鏡中粧。長安公子因花癖，彭澤先生是酒狂。短鬢冷沾三徑露，葛巾香染九秋霜。高情不入時人眼，拍手憑他笑路旁。
791	菊影		清	曹雪芹	秋光疊疊復重重，潛度偷移三徑中。窗隔疏燈描遠近，籬篩破月鎖玲瓏。寒芳留照魂應駐，霜印傳神夢也空。珍重暗香休踏碎，憑誰醉眼認朦朧？
792	菊夢		清	曹雪芹	籬畔秋酣一覺清，和雲伴月不分明。登仙非慕莊生蝶，憶舊還尋陶令盟。睡去依依隨雁斷，驚迴故故惱蛩鳴。醒時幽怨同誰訴？衰草寒煙無限情。
793	殘菊		清	曹雪芹	露凝霜重漸傾欹，宴賞纔過小雪時。蒂有餘香金淡泊，枝無全葉翠離披。半床落月蛩聲切，萬里寒雲雁陣遲。明歲秋分知再會，暫時分手莫相思！
794	食螯 之一		清	曹雪芹	持螯更喜桂陰涼，潑醋擂薑興欲狂。饕餮王孫應有酒，橫行公子竟無腸！臍間積冷饞忘忌，指上沾腥洗尚香。原為世人美口腹，坡仙曾笑一生忙。
795	食螯 之二		清	曹雪芹	鐵甲長戈死未忘，堆盤色相喜先嘗。螯封嫩玉雙雙滿，殼凸紅脂塊塊香。多肉更憐卿八足，助情誰勸我千觴？對茲佳品酬佳節，桂拂清風菊帶霜。
796	食螯 之三		清	曹雪芹	桂靄桐陰坐舉觴，長安涎口盼重陽。眼前道路無經緯，皮裏春秋空黑黃。酒未滌腥還用菊，性防積冷定須薑。於今落釜成何益？月浦空餘禾黍香。
797	秋窗風雨夕		清	曹雪芹	秋花慘淡秋草黃。耿耿秋燈秋夜長。已覺秋窗秋不盡。那堪風雨助悽涼！助秋風雨來何速？驚破秋窗秋夢續。抱得秋情不忍眠，自向秋屏挑淚燭。淚燭搖搖爇短檠，牽愁照恨動離情。誰家秋院無風入？何處秋窗無雨聲？羅衾不奈秋風力，殘漏聲催秋雨急。連宵霢霢復颼颼，燈前似伴離人泣。寒煙小院轉蕭條，疏竹虛窗時滴瀝。不知風雨幾時休，已教淚灑窗紗濕。
798	詠月		清	曹雪芹	精華欲掩料應難，影自娟娟魄自寒。一片砧敲千里白，半輪雞唱五更殘。綠蓑江上秋聞笛，紅袖樓頭夜倚欄。博得嫦娥應自問，何緣不使永團圞？
799	即景詩 之一 (續見之二)		清	曹雪芹	一夜北風緊，開門雪尚飄。入泥憐潔白，匝地惜瓊瑤。有意榮枯草，無心飾萎苗。價高村釀熟，年稔府梁饒。葭動灰飛管，陽回斗轉杓。寒山已失翠，凍浦不生潮道。易掛疏枝柳，難堆破葉蕉。麝煤融寶鼎，綺袖籠金貂。光奪窗前鏡，香粘壁上椒。斜風仍故故，清夢轉聊聊。何處梅花筆？誰家碧玉簫？鼇愁坤軸陷，龍鬥陣雲銷。野岸迴孤棹，吟鞭指灞橋。賜裘憐撫戌，加絮念征徭。拗垤審夷險，枝柯怕動搖，皚皚輕趁步，剪剪舞隨腰。若茗成新賞，孤松訂久耍。泥鴻從印跡，林斧或聞樵。伏象千峰凸，盤蛇一逕徑遙。花緣經冷結，色豈畏霜凋？ (續見之二)
800	即景詩 之二 (續之一)		清	曹雪芹	深院驚寒雀，空山泣老鴞。階墀隨上下，池水在浮漂。照耀臨清曉，縯紛入永宵。誠忘三尺冷，瑞釋九重焦。僵臥誰相問？狂遊客喜招。天機斷縞帶，海市失鮫綃。寂寞封臺榭，清貧懷簞瓢。烹茶水漸沸，煮酒葉難燒。沒帚山僧掃，埋琴稚子挑。石樓閒睡鶴，錦罽暖親貓。月窟翻銀浪，霞城隱赤標。沁梅香可嚼，淋竹醉堪調。或濕鴛鴦帶，時凝翡翠翹。無風仍脈脈，不雨亦瀟瀟。欲誌今朝樂，憑詩祝舜堯。
801	賦得紅梅花 之一		清	曹雪芹	桃未芳菲杏未紅，衝寒先喜笑東風。魂飛庾嶺春難辨，霞隔羅浮夢未通。綠萼添粧融寶炬，縞仙扶醉跨殘虹。看來豈是尋常色？濃淡由他冰雪中。
802	賦得紅梅花 之二		清	曹雪芹	白梅懶賦賦紅梅，逞豔先迎醉眼開。凍臉有痕皆是血，酸心無恨亦成灰。誤吞丹藥移真骨，偷下瑤池脫舊胎。江北江南春燦爛，寄言蜂蝶漫疑猜。
803	賦得紅梅花 之三		清	曹雪芹	疏是枝條豔是花，春粧兒女競奢華。閒庭曲檻無餘雪，流水空山有落霞。幽夢冷隨紅袖笛，遊仙香泛絳河槎。前身定是瑤臺種，無復相疑色相差。
804	訪妙玉乞紅梅		清	曹雪芹	酒未開鐏句未裁，尋春問臘到蓬萊。不求大士瓶中露，為今孀娥檻外梅。入世冷挑紅雪去，離塵香割紫雲來。槎枒誰惜詩肩瘦？衣上猶沾佛院苔。
805	赤壁懷古		清	曹雪芹	赤壁沉埋水不流，徒留名姓載空舟。喧闐一炬悲風冷，無限英魂在內遊。
806	交趾懷古		清	曹雪芹	銅柱金城振紀綱，聲傳海外播戎羌。馬援自是功勞大，鐵笛無煩說子房。
807	鍾山懷古		清	曹雪芹	名利何曾伴女身？無端被詔出凡塵。牽連大抵難休絕，莫怨他人嘲笑頻。
808	淮陰懷古		清	曹雪芹	壯士須防惡犬欺，三齊位定蓋棺時。寄言世俗休輕鄙；一飯之恩死也知。
809	廣陵懷古		清	曹雪芹	蟬噪鴉棲轉眼過，隋隄風景近如何？只緣占盡風流號，惹得紛紛口舌多。
810	桃葉渡懷古		清	曹雪芹	衰草閒花映淺池，桃枝桃葉總分離。六朝梁棟多如許，小照空懸壁上題。
811	青塚懷古		清	曹雪芹	黑水茫茫咽不流，冰絃撥盡曲中愁。漢家制度誠堪笑，樗櫟應慚萬古羞。
812	馬嵬懷古		清	曹雪芹	寂寞指痕積汗光，溫柔一旦付東洋。只因遺得風流跡，此日衣裳尚有香。
813	蒲東寺懷古		清	曹雪芹	小紅骨賤一身輕，私掖倫攜強撮成。雖被夫人時吊起，已經勾引彼同行。
814	梅花觀懷古		清	曹雪芹	不在梅邊在柳邊，個中誰拾畫嬋娟？團圓莫憶春香到，一別西風又一年。
815	俏平兒情掩蝦鬚鐲 勇晴雯病補孔雀裘		清	曹雪芹	昨夜朱樓夢，今宵水國吟。島雲蒸大海，嵐氣接叢林。月本無今古，情緣自淺深。漢南春歷歷，焉得不關心？
816	黃昏醉了		現代	向明	飲盡了這一天  五味雜陳的烈酒之後       黃昏醉了       它把一張豔紅的臉       朝著  遠山那挺得高聳的胸脯       埋首  睡去
817	眉		現代	商禽	祇有翅翼  而無身軀的鳥  在哭和笑之間  不斷飛翔         
818	我已經走向你了		現代	敻虹	你立在對岸的華燈之下  眾弦俱寂，而欲涉過這圓形池  涉過這面寫著睡蓮的藍玻璃  我是唯一的高音  
819	淒涼		現代	落蒂	打開自已珍藏的日記  發現只有無題詩三首  一首我拿起來  一口一口吃下  一首拿給妻  為冬日的生活點火  另一首  我想，只有寄給你
820	試驗之一		現代	席慕蓉	他們說  在水中放進一塊小小的明礬就能沉澱出  所有的渣滓那麼 如果如果在我們的心中放進  一首詩是不是  也可以沉澱出所有的  昨日
821	時間		現代	張臺坤	假如時間是靈魂的生命  短暫的停留又匆匆的走開  我們決定跟著離去還是  駐足？  推開門  我在出入之間  許多燈亮後又相繼熄滅  陌生的鬼魅一閃而逝  不知在門裏還是  門外？  
822	歸航曲		現代	鄭愁予	飄泊得很久，我想歸去了。彷彿，我不再屬於這裏的一切。我要摘下久懸的桅燈，摘下航程裏最後的信號，我要歸去了............ 每一片帆都會駛向－斯培西阿海灣。像疲倦的太陽，在那兒降落；我知道，每一朵雲都會俯吻汨羅江渚，像清淺的水渦一樣，在那兒旋沒............ 我要歸去了。天隅有幽藍的空席，有星座們洗塵的酒宴。在隱去雲朵和帆的地方，我的燈將在那兒昇起............
823	殘堡（邊塞組曲之一）		現代	鄭愁予	戍守的人已歸了，留下 邊地的殘堡。看得出，十九世紀的草原啊 如今，是沙丘一片...... 怔忡而空曠的箭眼，掛過號角的鐵釘；被黃昏和望歸的靴子磨平的 戍樓的石垛啊！一切都老了，一切都抹上風沙的銹。百年前英雄繫馬的地方，百年前壯士磨劍的地方，這兒我黯然地卸了鞍；歷史的鎖啊沒有鑰匙，我的行囊也沒有劍。要一個鏗鏘的夢吧！趁月色，我傳下悲戚的「將軍令」 自琴弦......
824	野店（邊塞組曲之二）		現代	鄭愁予	是誰傳下這詩人的行業，黃昏裏掛起一盞燈。 啊，來了—— 有命運垂在頸間的駱駝，有寂寞含在眼裏的旅客。是誰掛起的這盞燈啊！曠野上，一個矇矓的家，微笑著...... 有松火低歌的地方啊，有燒酒羊肉的地方啊，有人交換著流浪的方向......
825	牧羊女（邊塞組曲之三）		現代	鄭愁予	「那有姑娘不戴花，那有少年不馳馬。姑娘戴花等出嫁，少年馳馬訪親家。 哎—— 那有花兒不殘凋，那有馬兒不過橋。殘凋的花兒呀隨地葬，過橋的馬兒呀不回頭......」 當妳唱起我這支歌的時候，我底心懶了，我底馬累了。那時——  黃昏已重了，酒囊已盡了......。
826	黃昏的來客（邊塞組曲之四）		現代	鄭愁予	是誰向這邊馳來了呢？這裏有直立的炊煙 和睡意矇矓的駝鈴。 你也許是來自沙原的孤客，多情而爽朗的 邊城的孩子。你也許帶著被放逐的憂憤，擰著鞭子似的雙眉；然而，你有輕輕的哨音啊，輕輕地—— 撩起沉重的黃昏。讓我點起燈來吧 像守更的雁。讓我以招呼迎你吧 但我已是老了的旅人。而老人的笑是生命的夕陽，孤飛的雁是愛情的殞星。
827	小河（邊塞組曲之五）		現代	鄭愁予	收留過敗陣的將軍底淚的 收留過迷途的商旅底淚的 收留過遠謫的貶官底淚的 收留過脫逃的戍卒底淚的 小河啊，我今來了！而我，無淚地躺在你底身側。 沙原的風推不動你 你沉重而酸惻的嘆息。月下，一道鐵色的筋，使心灰的大地更懶了。我自人生來，要走回人生去。你自遙遠來，要走回遙遠去。隨地編理我們拾來的歌兒，我們底歌呀，也遺落在每片土地......
828	五美吟之一 西施		清	曹雪芹	一代傾城逐浪花，吳宮空自憶兒家。效顰莫笑東村女，頭白溪邊尚浣紗。
829	五美吟之二 虞姬		清	曹雪芹	腸斷烏啼夜嘯風，「虞兮」幽恨對「重瞳」。黥彭甘受他年醢，飲劍何如楚帳中？
830	五美吟之三 明妃		清	曹雪芹	絕豔驚人出漢宮，紅顏命薄古今同。君王縱使輕顏色，予奪權何畀畫工？
831	五美吟之四 綠珠		清	曹雪芹	瓦礫明珠一例拋，何曾石尉重嬌嬈？都緣頑福前生造，更有同歸慰寂寥。
832	五美吟之五 紅拂		清	曹雪芹	長劍雄談態自殊，美人巨眼識窮途。屍居餘氣楊公幕，豈得羈縻女丈夫！
833	桃花行 之一 (續見之二)		清	曹雪芹	桃花簾外東風軟，桃花薕內晨粧懶。簾外桃花簾內人，人與桃花隔不遠。東風有意揭簾櫳，花欲窺人簾不捲。桃花簾外開仍舊，簾中人比桃花瘦。花解憐人花亦愁，隔簾消息風吹透。風透簾櫳花滿庭，庭前春色倍傷情。閒苔院落門空掩，斜日欄杆人自憑。憑欄人向東風泣，茜裙偷傍桃花立。桃花桃葉亂紛紛，花綻新紅葉凝碧。樹樹煙封一萬株，烘樓照壁紅模糊。天機燒破鴛鴦錦，春酣欲醒移珊枕。侍女金進盆進水來，香泉飲醮脂胭冷。胭脂鮮豔何相類？花之頻色人之淚。若將人淚比桃花，淚自長梳花自媚。淚眼觀花淚易乾，淚乾春盡花憔悴。 (續見之二)
834	桃花行 之二 (續之一)		清	曹雪芹	悴憔花遮憔悴人，花飛人倦易黃昏。一聲杜宇春歸盡，寂寞簾櫳空月痕！
835	如夢令		清	曹雪芹	豈是繡絨纔吐，捲起半簾香霧？纖手自拈來，空使鵑啼燕妒。且住，且住！莫使春光別去！
836	南柯子 -- 詠柳絮		清	曹雪芹	空掛纖纖縷，徒垂絡絡絲，也難綰繫也難羈，一任東西南北各分離。落去君休惜，飛來我自知。鶯愁蝶倦晚芳時。總是明春再見隔年期。
837	唐多令 -- 詠柳絮		清	曹雪芹	粉墮百花洲，香殘燕子樓，一團團逐隊成毯。漂泊亦如人命薄，空繾綣，說風流！草木也知愁，韶華竟白頭。歎今生誰捨誰收？嫁與東風春不管，憑爾去，忍淹留！
838	西江月 -- 詠柳絮		清	曹雪芹	漢苑零星有限，隋隄點綴無窮。三春事業付東風，明月梨花一夢。幾處落紅庭院？誰家香雪簾櫳？江南江北一般同，偏是離人恨重。
839	臨江仙 -- 詠柳絮		清	曹雪芹	白玉堂前春解舞，東風捲得均勻。蜂圍蝶陣亂紛紛，幾曾隨逝水？豈必委芳塵？萬縷千絲終不改，任他隨聚隨分。韶華休笑本無根，好風憑借力，送我上青雲。
840	右中秋夜大觀園即景聯句三十五韻 之一 (續見之二之三)		清	曹雪芹	三五中秋月，清遊擬上元。撒天箕斗燦。匝地管絃繁。幾處狂飛盞。誰家不啟軒？輕寒風剪剪，良夜景喧喧。爭餅嘲黃髮。分瓜笑綠媛。香新榮玉桂。色健茂金萱。蠟燭輝瓊宴。觥籌亂綺園，分曹尊一令。射覆聽三宣。骰彩紅成點。傳花鼓濫喧。晴光搖院宇。素彩接乾坤。賞罰無賓主。吟詩序仲昆。構思時僚檻。擬句或依門。酒盡情猶在。更殘樂已諼。漸聞語笑寂。空剩雪霜痕。階露團朝菌。庭煙斂夕棔。秋湍瀉石髓。風葉聚雲根。寶婺情孤潔。銀蟾氣吐吞。藥催靈兔搗，人向廣寒奔。犯斗邀牛女。乘槎訪帝孫。盈虛輪莫定。 (續見之二)
841	右中秋夜大觀園即景聯句三十五韻 之二 (續之一)		清	曹雪芹	晦朔魄空存。壺漏聲將涸。窗燈焰已昏。寒塘渡鶴影。冷月葬詩魂(續見之三)
842	右中秋夜大觀園即景聯句三十五韻 之三 (續之二)		清	曹雪芹	香篆銷金鼎，冰脂膩玉盆。簫憎嫠婦泣，衾倩侍兒溫。空帳悲金鳳，閒屏散彩鴛。露濃苔更滑，霜重竹難捫。猶步縈紆沼，還登寂歷原。石奇神鬼縛，木怪虎狼蹲。贔屭朝光透，罳罳曉露屯。振林千樹鳥，啼谷一聲猿。歧熟焉忘徑？泉知不問源。鐘鳴櫳翠寺，雞唱稻香村。有興悲何鐘！無悉意豈煩？芳情只自遣，雅趣向誰言？徹旦休云倦，烹茶更細論。
843	姽嫿詞 之一		清	曹雪芹	姽嫿將軍林四娘，玉為肌骨鐵為腸。捐軀自報恒王後，此日青州土尚香！
844	姽嫿詞 之二		清	曹雪芹	紅粉不知愁，將軍意未休。掩啼離繡幕，抱恨出青州。自謂酬王德，誰能復寇仇？好題忠義墓，千古獨風流！
845	姽嫿詞 之三 (續見之四)		清	曹雪芹	恒王好武兼好色，遂教美女習騎射。穠歌豔舞不成歡，列陣挽戈為自得。眼前不見塵沙起，將軍俏影紅燈裏。叱詫時聞口舌香，霜矛雪劍嬌難舉。丁香結子芙蓉條。不繫明珠繫寶刀。戰罷夜闌心力怯，脂痕粉漬污鮫綃。明年流寇走山東，強吞虎豹勢如蜂。王率天兵思剿滅，一戰再戰不成功。腥風吹折隴中麥，日照旌旗虎帳空。青山寂寂水澌澌，正是恒王戰死時。雨淋白骨血染草，月冷黃昏鬼守屍。紛紛將士只保身，青州眼見皆灰塵。不期忠義明閨閣，憤起恒王得意人。恒王得意數誰行？姽嫿將軍林四娘。號令秦姬驅趙女，穠桃豔李臨疆場。 (續見之四)
846	姽嫿詞 之四 (續之三)		清	曹雪芹	繡鞍有淚春愁重，鐵甲無聲夜氣涼。勝負自難先預定，誓盟生死報前王。賊勢猖獗不可敵，柳折花殘血凝碧。馬踐胭脂骨髓香，魂依城郭家鄉隔。星馳時報入京師，誰家兒女不傷悲？天子驚慌愁失守，此時文武皆垂首。何事文武立朝綱，不及閨中林四娘？我為四娘長歎息，歌成餘意尚徬徨！
847	薛文起悔娶河東吼 賈迎春誤嫁中山狼		清	曹雪芹	池塘一夜秋風冷，吹散芰荷紅玉影。蓼花菱葉不勝悲，重露繁霜壓纖梗。不聞永晝敲棋聲，燕泥點點污棋枰。古人惜別憐朋友，況我今當手足情。
848	書信寄情四章		清	曹雪芹	悲時序之遞嬗兮，又屬清秋。感遭家之不造兮，獨處離愁。北堂有萱兮，何以忘憂？無以解憂兮，我心咻咻！雲憑憑兮秋風酸，步中庭兮霜鞢乾，何去何從兮，失我故歡！靜言思之兮惻肺肝！惟鮪有潭兮，羽毛何長！搔首問兮茫茫，高天厚地兮，誰知余之永傷？銀河耿耿兮寒氣侵，月色橫斜兮玉漏沉。憂心炳炳兮，發我哀吟。吟復吟兮，寄我知音。
849	撫琴回信寄情四章		清	曹雪芹	風蕭蕭兮秋氣深，美人千里兮獨沉吟。望故鄉兮何處？倚欄杆兮涕沾襟。山迢迢兮水長，照軒窗兮明月光。耿耿不寐兮銀河渺茫，羅衫怯怯兮風露涼。子不遭兮不自由，予之遇兮多煩憂。之子與我兮心焉相投？思古人兮俾無尤。人生斯世兮如輕塵，天上人間兮感夙因。感夙因兮不可惙，素心何如天上月？
850	人忙物在公子填詞		清	曹雪芹	隨身伴，獨自意綢繆。誰料風波平地起，頓教軀命卻時休？孰與話輕柔！東逝水，無復向西流。想像更無懷夢草，添衣還見翠雲裘；脈脈使人愁！
851	記微嫌舅兄欺弱女 驚謎語妻妾諫癡人		清	曹雪芹	據你說「人品根柢」，又是什麼「古聖賢」，何可知古聖賢說過，「不失其赤子之心」？那亦子有什麼好處？不過是無知，無識，無貪，無忌。我們生來已陷溺在貪、嗔、癡、愛中，猶如污泥一般，怎麼能跳出這般塵網？如今纔曉得「聚散浮生」四字，古人說了，不曾提醒一個。既要講到人品根柢，誰是到那太初一步地位的？
852	真如福地		清	曹雪芹	假去真來真勝假。無原有是有非無。
853	福善禍淫		清	曹雪芹	過去未來，莫謂智賢能打破；前因後果，須知親近不相逢。
854	引覺情癡		清	曹雪芹	喜笑悲哀都是假，貪求思慕總因癡。
855	中鄉魁寶玉卻塵緣 沐皇恩賈家延世澤		清	曹雪芹	老太太見與不見，總是知道的，喜歡的。既能知道了，喜歡了，便是不見也和見了的一樣。只不過隔了形質，並非隔了神氣啊！
856	甄士隱詳說太虛情 賈雨村歸結紅樓夢		清	曹雪芹	我所居兮，青埂之峰；我所遊兮，鴻濛太空。誰與我逝兮，吾誰與從？渺渺茫茫兮，歸彼大荒！
857	紅樓夢 結語偈		清	曹雪芹	說到辛酸處，荒唐愈可悲。由來同一夢，休笑世人癡！
858	感秋聲撫琴悲往事 坐禪寂走火入邪魔		清	曹雪芹	大造本無方，云何是應住？既從空中來，應向空中去。
859	山外書		現代	鄭愁予	不必為我懸念，我在山裏...... 來自海上的雲，說海的沉默太深；來自海上的風，說海的笑聲太遼闊。 我是來自海上的人，山是凝固的波浪（不再相信海的消息）我底歸心，不再湧動。
860	小詩錦		現代	鄭愁予	恕我巧奪天工了，我欲以詩織錦...... 調皮的眼神如星，含蘊的笑像月。垂落于錦軸兩端的，美麗—— 是不幻的虹；那居為百色之地的：是不化的雪—— 智慧。 恕我以詩織錦，我欲巧奪天工了...... 綴無數的心為音符，割季節為樂句；當兩顆音符偶然相碰時，便迸出火花來，呀！我底錦乃有了不褪的光澤。
861	偈		現代	鄭愁予	不再流浪了，我不願做空間的歌者，寧願是時間的石人。然而，我又是宇宙的遊子，地球你不需留我。這土地我一方來，將八方離去。
862	定		現代	鄭愁予	我將使時間在我的生命裏退役，對諸神或是對魔鬼我將宣佈和平了。 讓眼之劍光徐徐入韜，對星天，或是對海，對一往的恨事兒，我瞑目。 宇宙也遺忘我，遣去一切，靜靜地，我更長于永恒，小于一粒微塵。
863	錯誤		現代	鄭愁予	我打江南走過，那等在季節裏的容顏如蓮花的開落。東風不來，三月的柳絮不飛；你底心如小小的寂寞的城，恰若青石的街道向晚。跫音不響，三月的春帷不揭；你底心是小小的窗扉緊掩。 我達達的馬蹄是美麗的錯誤，我不是歸人，是個過客......
864	貴族		現代	鄭愁予	別劫去我的憂鬱；那個灰色的貴族； 別以陽光的手，探我春雨的簾子，我不愛夕照的紅繁縷，印做我的窗花，我住于我的城池，且安于施虐白晝的罪名， 別挑引我的感激，儘管馳過你晚風的黑騎士， 別以面紗的西敏寺的霧，隱海外的星光誘我： 你該知道的，那灰色的貴族—— 我不欲離去，我怎捨得，這美麗的臨刑的家居。
865	生命		現代	鄭愁予	滑落過長空的下坡，我是熄了燈的流星； 正乘夜雨的微涼，趕一程赴賭的路。 待投擲的生命如雨點，在湖上激起一夜的迷霧，夠了，生命如此的短，竟短得如此的華美！ 偶然間，我是勝了，造物自迷于錦繡的設局； 畢竟是日子如針，曳著先濃後淡的彩線， 起落的拾指之間，反繡出我偏傲的明暗； 算了，生命如此之速，竟速得如此之寧靜！
866	度牒		現代	鄭愁予	這是故居的園林，石階通向圯廢的廟宇； 今夜你同誰來呢？同著  來自風雨的不羈，抑來自往歲的記憶。
867	知風草		現代	鄭愁予	晚虹後的天空，又是，桃花宣似的了。 被裱褙的亂雲，是寫在 信風上的書法，我猶存 受贈者的感覺，猶記簷滴斷續地讀出 而結束於一聲鼓...... 那夕陽的紅銅的音色。 小窗，郵箱嘴般的 許多永晝，題我的名投入（是題給鬢生花序的知風草吧　） 而驚蟄如歌，清明似酒，惟我 卻在穀雨的絲中，懶得像一隻蛹了。
868	水巷		現代	鄭愁予	四圍的青山太高了，顯得晴空 如一描藍的窗......我們常常拉上雲的窗帷 那是陰了，而且飄著雨的流蘇。 我原是愛聽罄聲與鐸聲的，今卻為你戚戚於小院的陰晴；算了吧！管他一世的緣份是否相值於千年慧根，誰讓你我相逢，且相逢於這小小的水巷如兩條魚。
869	最後的春闈（一）		現代	鄭愁予	今晨又是春寒，林木悄悄，一鷹在細雨中抖翼斜飛；置書笈在肩上的書生，收拾遠行 仰望著，一天西移的雲雨。此去將入最後的春闈，啊，最後的一次，離別十年的荊窗，欲嬴歸眩目朱楣。 畢竟是別離的日子，空的酒杯 或已傾出來日的宿題，啊，書生 你第一筆觸的輕墨將潤出什麼？是青青的苔色？那卷上，抑是迢迢的功名　 今晨又是春寒，林木寂寂，一鷹在細雨中抖翼盤旋；置書笈在肩上的書生，佇足路上 被阻於參差的白幡與車馬。
870	最後的春闈（二）		現代	鄭愁予	啊，赴闈的書生，何事驚住了你？那只是落葬的行列，只是聲色的冥滅；豈因這行列竟如一陣風，使榮華的沉落，會發為生者的寒噤。 西移的雲雨停歇，杯酒盈盈 荊扉茅簷，春寒輕輕地蹭過，卸下書笈的書生，呵手而笑：喜我頓悟於往日的痴迷，從此，反覆地，反覆地，哼一闕田園的小曲。
871	編秋草（一）		現代	鄭愁予	試著，編織秋的晨與夜 像芒草的葉籜，編織那左與右，製一雙趕路的鞋子。 看哪，那穿著晨與夜的，趕路的雁來了；我猜想，那雁的記憶 多是寒了的，與暑了的追迫。
872	編秋草（二）		現代	鄭愁予	島上的秋晨，老是選掛著 一幅幅黃花的黃，棕櫚的棕；而我透明板下的，卻是你畫的北方；那兒大地的粗糙在這裡壓平，風沙與理想都變得細膩。 每想起，如同成群奔馳的牧馬—— 麥子熟了，熟在九月牧人的 風的鞭子下。 啊，北方 古老的磨磐，年年磨著新的麥子。
873	召魂－為楊喚十年祭作		現代	鄭愁予	當長夜向黎明陡斜，其不禁漸漸滑入冥思的 是惘然佇候的召魂人，在多騎樓的臺北，猶須披起鞍一樣的上衣－ 我已中年的軀體畏懼早寒。 星敲門 遄訪星 皆為攜手放逐，而此夜惟盼你這菊花客來－ 如與我結伴的信約一似十年前 要遨遊去（便不能讓你擔心），我會多喝些酒 掩飾我衰竭的雙膝。 但晨空澹澹如水，那浮著的薄月如即溶的冰（不就是騎樓下的百萬姓氏　）但窄門無聲 你不來，哎哎 我豈是情怯於摒擋的人。
874	望鄉人－記詩人于右任陵		現代	鄭愁予	塔 糾結鐵馬成雷，笙的諸指將風捏為讖語，蝴蝶飛自焚夢的銅鼐，淨土無花 淨土黃昏，晚歸的春寒悉悉有聲，啊 雙獅涉著雲欲去 華表振著翅對立。 松濤湧滿八加拉谷，蒼苔爬上小築 黃昏，如一襲僧衣那麼披著，醒時 一燈一卷一茶盞，睡時 枕下芬芳的泥土。 或會推門於月圓之夕，看四個海圍汐著故國萬里，依舊是長髯飄飛 依舊是—— 啊 高山上昂立的望鄉人，以吟哦獨對天地。
875	晨		現代	鄭愁予	鳥聲敲過我的窗，琉璃質的罄聲；一夜的雨露浸潤過，我夢裏的藍袈裟 已掛起在牆外高大的旅人木；清晨像躡足的女孩子，來到 窺我少年時的剃度，以一種婉惜 一種沁涼的膚觸，說，我即歸去。
876	下午		現代	鄭愁予	啄木鳥不停的啄著，如過橋人的鞋聲，整個的下午，啄木鳥啄著；小山的影，已移過小河的對岸，我們也坐過整個的下午，也踱著 若是過橋的鞋聲，當已遠去 遠到夕陽的居處，啊，我們 我們將投宿，在天上，在沒有星星的那面。
877	邊界酒店		現代	鄭愁予	秋天的疆土，分界在同一個夕陽下，接壤處，默立些黃菊花；而他打遠道來，清醒著喝酒 窗外是異國。多想跨出去，一步即成鄉愁，那美麗的鄉愁，伸手可觸及。或者，就飲醉了也好；或者，將歌聲吐出，便不祇是立著像那雛菊，祇憑邊界立著。
878	燕雲之一		現代	鄭愁予	沙埋的太古 就在城外，當破天的荒風將旱沙揚起，原始的混沌就迎門立著；而翻飛的小螺貝，在北京人的足下舒展萬年的困，竟把海憶成了如一閃花的開謝。
879	燕雲之二		現代	鄭愁予	雲沉於丹墀，華表的蟠龍臥影於斯時，大風停息了，月乃昇自重樓氤氳的黃昏，於是萬家的飛簷 著樹，浮滿整個的城池了。
880	燕雲之三		現代	鄭愁予	依然是那一列城堞，將久年的灰 石印在藍天的這一邊，而藍天的那邊 遠山欲溶的雪有些泫然。
881	燕雲之四		現代	鄭愁予	戌魂仍遊憩於「三口」麼？狼煙的花早就開不成朵了。無定河不再走下她的床，朽了千年的城垣被火車鋸著。春來，學生們就愛敲敲打打 居庸關那些大大方方的磚......
882	燕雲之五		現代	鄭愁予	畫眉唱遍酒樓，歷史在單絃上跳，釆聲多的地方便擠滿了欄外人，而煙袋招牌已老在斜街上，那些年 官闈的景緻是眉筆畫的，畫眉喲 唱遍了酒樓。
883	燕雲之六		現代	鄭愁予	丹楓自醉 雛菊自睡，秋色一庭如蘭舟靜泊著；誰要沿著環廊款步來去，誰便有了明月的鬧意— 一片又一片地把雲推過江心。
884	燕雲之七		現代	鄭愁予	高牆的胡同 深鎖著七家的後庭，誰是掃落葉的閒人，而七家都有著：重重的院落，是風 把雲絮牽過藏書的樓角，每個黃昏 它走出無人的長巷。
885	燕雲之八		現代	鄭愁予	林間有重靄 有擬不出的，那聲聲的木鐸來自何處，只見 僧人焚葉如焚夢，投在紅蓮的花座內，那一頁頁的經書....是已黃了的。
886	燕雲之九－燕有巫婦，左袖東風，右袖西風		現代	鄭愁予	此巫婦滿頭的珠翠如瓊島，左袖東風 三海乃舞起花又褶的裙裾；寫妙室的半壁自呈石綠，草苔肆意地題畫于扇子亭，而早餐時 承露盤會舉起新謫的星星。
887	燕雲之十－燕有巫婦，春住團城，秋居妙峰		現代	鄭愁予	此巫婦滿襟的采繡如西山，右袖西風 八大處乃臥遍泥醉的亭台，而石路在棲霞的谷中沒于流泉，向上會寂寞 穿過碧雲的寺宇，一畦紫菊疏朗的....被稱為獅子座。
888	七里香		現代	席慕蓉	溪水急著要流向海洋，浪潮卻渴望重回土地；在綠樹白花的籬前，曾那樣輕易地揮手道別。而滄桑的二十年後，我們的魂魄卻夜夜歸來，微風拂過時，便化作滿園的郁香。
889	成熟		現代	席慕蓉	童年的夢幻褪色了，不再是 衹願做一隻 長了翅膀的小精靈。有月亮的晚上，倚在窗前的，是漸呈修長的雙手，將火熱的頰貼在石欄上，在古長春藤的蔭裏，有螢火在游。不再寫流水帳似的日記了，換成了密密的 糢糊的字跡；在一頁頁深藍淺藍的淚痕裏，有著誰都不知道的語句。
890	一棵開花的樹		現代	席慕蓉	如何讓你遇見我，在我最美麗的時刻，為這，我在佛前 求了五百年，求祂讓我們結一段塵緣。佛於是把我化作一棵樹，長在你必經的路旁，陽光下慎重地開滿了花，朵朵都是我前世的盼望。當你走近 請你細聽，那顫抖的葉是我等待的熱情，而當你終於無視地走過，在你身後落了一地的，朋友啊 那不是花瓣，是我凋零的心。
891	異域		現代	席慕蓉	於是 夜來了，敲打著我十一月的窗，從南國的馨香中醒來，從回家的夢裏醒來，布魯塞爾的燈火輝煌。我孤獨地投身在人群中，人群投我以孤獨，細雨霏霏 不是我的淚，窗外蕭蕭落木。
892	邂逅		現代	席慕蓉	你把憂傷畫在眼角，我將流浪抹上額頭，你用思念添幾縷白髮，我讓歲月雕刻我憔悴的手。然後在街角我們擦身而過，漠然地不再相識；啊 親愛的朋友，請別錯怪那韶光改人容顏，我們自己才是那個化裝師。
893	接友人書		現代	席慕蓉	那辜負了的，豈僅是遲遲的春日，那忘記了的，又豈僅是你我的面容；那奔騰著向眼前湧來的，是塵封的日 塵封的夜，塵封的華年和秋草；那低首歛眉徐徐退去的，是無聲的歌，無字的詩稿。
894	樹的畫像		現代	席慕蓉	當迎風的笑靨已不再芬芳，溫柔的話語都已沉寂；當星星的瞳子漸冷漸暗，而千山萬徑都絕滅了蹤跡，我只是一棵孤獨的樹，在抗拒著秋的來臨。
895	悲歌		現代	席慕蓉	今生將不再見你，只為 再見的，已不是你。心中的你已永不再現，再現的 只是些滄桑的 日月和流年。
896	囚		現代	席慕蓉	流血的創口，總有復合的盼望，而在心中永不肯痊癒的，是那不流血的創傷。多情應笑我 千年來，早生的豈只是華髮；歲月已灑下天羅地網，無法逃脫的，是你的痛苦 和我的憂傷。
897	藝術品		現代	席慕蓉	是一件不朽的記憶，一件不肯讓它消逝的努力，一件想挽回什麼的欲望。是一件流著淚記下的微笑，或者 是一件 含笑記下的悲傷。
898	塵緣		現代	席慕蓉	不能像 佛陀般靜坐於蓮花之上，我是凡人，我的生命就是這滾滾凡塵，這人世的一切我都希求，快樂啊憂傷啊，是我的擔子我都想承受；明知道總有一日，所有的悲歡都將離我而去，我仍然竭力地搜集，搜集那些美麗的糾纏著 值得為她活了一次的記憶。
899	繡花女		現代	席慕蓉	我不能選擇我的命運，是命運選擇我；於是 日復以夜，用一根冰冷的針， 繡出我曾經熾熱的 青春。
900	畫展		現代	席慕蓉	我知道，凡是美麗的，總不肯 也不會 為誰停留。所以，我把 我的愛情和憂傷 掛在牆上，展覽 並且 出售。
901	鄉愁		現代	席慕蓉	故鄉的歌是一支清遠的笛，總在有月亮的晚上響起；故鄉的面貌卻是一種糢糊的悵惘，彷彿霧裏的揮手別離。離別後，鄉愁是一棵沒有年輪的樹，永不老去。
902	漂鳥集 之 1		印度	泰戈爾	夏天的漂鳥，到我窗前來唱歌，又飛去了。秋天的黃葉，沒有歌唱，只嘆息一聲，飄落在那裏。
903	漂鳥集 之 2		印度	泰戈爾	世界上眇小的漂泊者之群啊！留下你們的足印在我的字句裏吧！
904	漂鳥集 之 3		印度	泰戈爾	世界在愛人面前把他龐大的面具卸下。牠變成眇小得像一支歌，像一個永恒的接吻。
905	漂鳥集 之 4		印度	泰戈爾	這是大地的淚水保持著她的微笑盛放。
906	漂鳥集 之 5		印度	泰戈爾	廣大的沙漠為著搖搖頭笑笑就飛逃的一葉青草而燃燒著愛情之火。
907	漂鳥集 之 6		印度	泰戈爾	假使當你渴念著太陽而流淚，那麼你也在渴念著星星啊！
908	漂鳥集 之 7		印度	泰戈爾	跳舞著的水！在你途中的砂粒乞求你的唱歌和流動。 你願擔起他們跛者的負荷嗎？
909	漂鳥集 之 8		印度	泰戈爾	她的渴望的臉像夜雨般纏繞在我的清夢。
910	漂鳥集 之 9		印度	泰戈爾	正像「黃昏」在靜寂的林中，「憂愁」在我的心裏已平靜下去。
911	漂鳥集 之 10		印度	泰戈爾	從前我們曾夢見我們都是陌路人。 當我們醒來時卻發現我們互相親愛著。
912	漂鳥集 之 11		印度	泰戈爾	有些看不見的手指，像閒逸的微風，在我心上奏著漪波的音樂。
913	漂鳥集 之 12		印度	泰戈爾	「海喲！你講的什麼話？」 「是永遠疑問的話。」 「天喲！什麼是你回答的話？」 「是永遠的沉默。」
914	漂鳥集 之 13		印度	泰戈爾	我的心，請靜聽世界的低語，那是他在對你談愛啊！
915	漂鳥集 之 14		印度	泰戈爾	造化的奧秘有如夜的黝黑－－這是偉大的，智識的迷惘只是清景的霧。
916	漂鳥集 之 15		印度	泰戈爾	不要把你的愛置於絕壁之上，因為那是很高的。
917	漂鳥集 之 16		印度	泰戈爾	今晨我坐在的的窗口，世界像一個過路人在那裏停留片刻，向我點點頭又走開了。
918	漂鳥集 之 17		印度	泰戈爾	這些小小的思想是那沙沙的樹葉聲；它們有它們愉悅的低語在我的心裏。
919	漂鳥集 之 18		印度	泰戈爾	你是什麼，你看不見，你所看見的祇是你的影子。
920	漂鳥集 之 19		印度	泰戈爾	我的願望都是愚蠢的，他們呼喊得掩蓋了你的歌聲，我主。 讓我靜聽著吧！
921	漂鳥集 之 20		印度	泰戈爾	我不能挑選最好的。 是最好的挑選我。
922	漂鳥集 之 21		印度	泰戈爾	那些把燈籠背在後面的人，將他們的影子投在他們的前面。
923	漂鳥集 之 22		印度	泰戈爾	我的存在是一個永恒的奇異，那就是生命。
924	漂鳥集 之 23		印度	泰戈爾	「我們樹葉子有沙沙的聲音去回答風雨，可是你是誰啊！這樣沉默。」 「我只有是一朵花。」
925	漂鳥集 之 24		印度	泰戈爾	休息之屬於勞動，正如眼瞼之屬於眼睛。
926	漂鳥集 之 25		印度	泰戈爾	人是一個才出生的嬰孩，他的力量就是生長的力量。
927	漂鳥集 之 26		印度	泰戈爾	上帝期待著得到回答是為了他送給我們的鮮花，並不是為了太陽或土地？
928	漂鳥集 之 27		印度	泰戈爾	遊戲著的光正像一個赤裸的小孩，歡樂地在綠葉叢中，他是不曉得大人會說謊的。
929	漂鳥集 之 28		印度	泰戈爾	「月亮你在等著什麼呢？」 「要向我必須為他讓路的太陽致敬。」
930	漂鳥集 之 29		印度	泰戈爾	啊！美啊！你要從愛之中去發現你自己，不要向你那鏡子的阿諛中去追求。
931	漂鳥集 之 30		印度	泰戈爾	我的心衝激著她的波浪在世界的岸邊上，在那上面用淚水寫上她的簽名：「我愛你」。
932	漂鳥集 之 31		印度	泰戈爾	樹木像是沉默的大地的渴望之音來到我的窗前。
933	漂鳥集 之 32		印度	泰戈爾	對於上帝，他自己所造的每一個清晨都是一種新的奇蹟。
934	漂鳥集 之 33		印度	泰戈爾	鳥兒希望它是一朵雲。 雲兒希望它是一隻鳥。
935	漂鳥集 之 34		印度	泰戈爾	生命因世界的需要而發現它的財富，因愛的需要而發現它的價值。
936	漂鳥集 之 35		印度	泰戈爾	乾涸的河床覺得毋須感謝它的過去。
937	漂鳥集 之 36		印度	泰戈爾	瀑布唱道：「我得到自由時我便唱出歌來了。」
938	漂鳥集 之 37		印度	泰戈爾	我不能夠說出為什麼這顆心默然憔悴。是為了那些他永不請求、永不認識、永不記著的小小需要而憔悴。
939	漂鳥集 之 38		印度	泰戈爾	女人，當妳走動著料理家事時妳的手腳都在唱歌，像一條山溪在卵石中歌唱一般。
940	漂鳥集 之 39		印度	泰戈爾	太陽橫跨西海走去，留著他向東方的最後問候。
941	漂鳥集 之 40		印度	泰戈爾	不要因你無食慾而譴責你的食物。
942	漂鳥集 之 41		印度	泰戈爾	樹木像是渴慕的大地翹盼著天堂。
943	漂鳥集 之 42		印度	泰戈爾	你微笑著而不對我說什麼，我覺得這就是我已經久候的。
944	漂鳥集 之 43		印度	泰戈爾	水裏的魚是靜寂的，陸上的獸是喧擾的，空中的鳥是唱著的。 但是人具有了海水的靜寂、陸地的喧擾，和天空的音樂。
945	漂鳥集 之 44		印度	泰戈爾	世界衝越過纏綿的心絃彈奏著憂鬱的音樂。
946	漂鳥集 之 45		印度	泰戈爾	他把他的武器當做他的上帝。 他本身是失敗了，當他武器勝利的時候。
947	漂鳥集 之 46		印度	泰戈爾	從創造中上帝發現他自己。
948	漂鳥集 之 47		印度	泰戈爾	陰影戴著面幕，秘密地、溫順地，躡著她靜寂的愛之步，隨從在光的後面。
949	漂鳥集 之 48		印度	泰戈爾	星星不因僅似螢火而怯於出現。
950	漂鳥集 之 49		印度	泰戈爾	我感謝你，我不是一個權力的車輪，我卻是被這車輪所輾壓的活的生物之一。
951	漂鳥集 之 50		印度	泰戈爾	這顆銳而不寬的心，觸到每一個地方，但並未移動。
952	漂鳥集 之 51		印度	泰戈爾	你的偶像被粉碎在塵埃中，這證明上帝的塵埃比你的偶像偉大。
953	漂鳥集 之 52		印度	泰戈爾	人沒有把他自己顯示到他的歷史中，他只在掙扎著通過他的歷史。
954	漂鳥集 之 53		印度	泰戈爾	玻璃燈斥責瓦燈稱他做表兄，但當月亮上升，那玻璃燈卻溫和地微笑著招呼她：「我親愛的，親愛的姊姊。」
955	漂鳥集 之 54		印度	泰戈爾	似海鷗與波浪的會合，我們相會，我們親近。 似海鷗的飛去，波浪的盪開，我們分離。
956	漂鳥集 之 55		印度	泰戈爾	做完了我白天的工作，我便像一隻拖放在岸灘上的小船似地，靜聽著晚潮跳舞的音樂。
957	漂鳥集 之 56		印度	泰戈爾	生命授與我們，但我們須付出生命才能得到生命。
958	漂鳥集 之 57		印度	泰戈爾	當我們十二分謙遜之時，便是我們最接近偉大之時。
959	漂鳥集 之 58		印度	泰戈爾	麻雀因孔雀拖著重累的尾巴而替牠可憐。
960	漂鳥集 之 59		印度	泰戈爾	永勿懼怕那瞬息－－這就是永久唱出的歌聲。
961	漂鳥集 之 60		印度	泰戈爾	颶風於無路處尋覓著最短的途徑，又突然在「烏有鄉」停止了他的尋覓。
962	漂鳥集 之 61		印度	泰戈爾	朋友，請就在我的杯中飲了我的酒吧！ 當牠傾入別的杯裏，牠的泡沫圈兒便消失了。
963	漂鳥集 之 62		印度	泰戈爾	「完善」因「缺陷」的愛，把自己裝飾得美麗。
964	漂鳥集 之 63		印度	泰戈爾	上帝對人說：「我醫治你所以我要損傷你，你愛你所以我要處罰你。」
965	漂鳥集 之 64		印度	泰戈爾	感謝火焰的光，但不要忘記那沉著而堅毅地站在黑影中的燈臺啊！
966	漂鳥集 之 65		印度	泰戈爾	小小的青草，你的步子是小的，但你佔有了你踏過的土地。
967	漂鳥集 之 66		印度	泰戈爾	嬌嫩的花張開了她的花蕾喊著：「親愛的世界啊！請勿凋謝。」
968	漂鳥集 之 67		印度	泰戈爾	上帝對強大的王國生厭，卻永不厭惡於小小的花朵。
969	漂鳥集 之 68		印度	泰戈爾	樵夫的斧頭向樹求取牠的斧柄。 樹給了牠。
970	漂鳥集 之 69		印度	泰戈爾	邪惡經不起敗創，正義卻可以。
971	漂鳥集 之 70		印度	泰戈爾	「我很高興奉獻了所有的水，」瀑布歌唱：「雖然少許水已足供人止渴。」
972	漂鳥集 之 71		印度	泰戈爾	何處是那狂歡地不停噴發著拋送起這些花朵的源泉啊！
973	漂鳥集 之 72		印度	泰戈爾	在我寂寥的心中我感覺到幕著霧與雨的嫠婦之黃昏的嘆息。
974	漂鳥集 之 73		印度	泰戈爾	青草尋求著牠陸地上的擁擠。 樹木尋求著牠天空中的幽靜。
975	漂鳥集 之 74		印度	泰戈爾	貞操是一種財富，那是充沛的愛情之產物。
976	漂鳥集 之 75		印度	泰戈爾	霧像愛情一般，在山的心上遊戲，呈現著美的種種奇妙。
977	漂鳥集 之 76		印度	泰戈爾	我們對世界判斷錯了，所以說他是欺騙了我們。
978	漂鳥集 之 77		印度	泰戈爾	詩人的風是吹出去越海穿林來尋求他自己的歌聲的。
979	漂鳥集 之 78		印度	泰戈爾	在死之中，多數合一，在生之中，一化成多數。 當上帝死去，宗教將合而為一。
980	漂鳥集 之 79		印度	泰戈爾	每個嬰孩的出生都帶來了上帝對人類並未失望的消息。
981	漂鳥集 之 80		印度	泰戈爾	人常阻塞著他自己的路。
982	漂鳥集 之 81		印度	泰戈爾	我的朋友，你的聲音在我心裏低迴不失，像海的喃喃聲繚繞在靜聽著的松林間。
983	漂鳥集 之 82		印度	泰戈爾	黑暗中的火花是天上的繁星，但是那爆發火花的看不見的火焰是什麼呢？
984	漂鳥集 之 83		印度	泰戈爾	「果實啊！你離我多少遠？」 「花啊！我就藏在你的心裏呢！」
985	漂鳥集 之 84		印度	泰戈爾	讓生時麗似夏花，死時美如秋葉。
986	漂鳥集 之 85		印度	泰戈爾	那想要做善事的人去敲著大門，那仁愛的人看見大門正開著。
987	漂鳥集 之 86		印度	泰戈爾	藝術家是「自然」的愛人，所以他是自然的奴隸，又是自然的主人。
988	漂鳥集 之 87		印度	泰戈爾	渴望著的是黑暗中覺得而在白天看不見的那個。
989	漂鳥集 之 88		印度	泰戈爾	霧像是大地的慾望。 他遮蔽了大地哭喊著要的太陽。
990	漂鳥集 之 89		印度	泰戈爾	露水對湖沼說：「你是蓮葉下面的大水滴，我是蓮葉上面的小水滴。」
991	漂鳥集 之 90		印度	泰戈爾	鋒利的劍需要鞘的庇蔭，鞘就滿足於牠的魯鈍了。
992	漂鳥集 之 91		印度	泰戈爾	在黑暗中「一」顯得混同，在光明裏「一」才顯出多樣來。
993	漂鳥集 之 92		印度	泰戈爾	大地得青草的幫助而變成可居住之所。
994	漂鳥集 之 93		印度	泰戈爾	我靈魂的憂鬱是她的結婚面紗。 這面紗等著天晚才揭去。
995	漂鳥集 之 94		印度	泰戈爾	葉的誕生與死都是旋風的急速之轉動，牠的廣大的圓圈在星座間慢慢地移著。
996	漂鳥集 之 95		印度	泰戈爾	權力對世界說：「妳屬於我。」 世界把他俘繫在她的寶座上。 仁愛對世界說：「我屬於妳。」 世界給他出入寓所的自由。
997	漂鳥集 之 96		印度	泰戈爾	別作聲，我的心，這許多大樹正在做禱告！
998	漂鳥集 之 97		印度	泰戈爾	雲謙卑地站在天之一隅。 黎明用光彩作王冠來給他戴上。
999	漂鳥集 之 98		印度	泰戈爾	頃刻的喧鬧譏笑著永久的音樂。
1000	漂鳥集 之 99		印度	泰戈爾	我想到那漂浮在生與愛及死的溪流上的別的年代都被忘了，我覺到逝去的自由。
1001	漂鳥集 之 100		印度	泰戈爾	死的印記給予生的貨幣以價值；使牠可以把生命去購買那真正的貨物。
1002	漂鳥集 之 101		印度	泰戈爾	塵土被侮辱，卻報以鮮花。
1003	漂鳥集 之 102		印度	泰戈爾	根是生入地裏的枝。 枝是生在空中的根。
1004	漂鳥集 之 103		印度	泰戈爾	只管向前走吧！不必逗留著去採集鮮花攜帶著，因為鮮花會一路盛開著在你的前途的。
1005	漂鳥集 之 104		印度	泰戈爾	那遙遠的夏之音樂，環繞著「秋天」樸翅尋求牠的舊巢。
1006	漂鳥集 之 105		印度	泰戈爾	不要從你的衣袋裏把功績給你的朋友，這是侮辱他的。
1007	漂鳥集 之 106		印度	泰戈爾	不可名時日的接觸，像環繞老樹的蘚苔般依附著我的心。
1008	漂鳥集 之 107		印度	泰戈爾	太陽祇有單純的光之外衣。 雲霞卻被華麗所裝飾。
1009	漂鳥集 之 108		印度	泰戈爾	回聲譏笑她的原聲去證明她是原來的聲音。
1010	漂鳥集 之 109		印度	泰戈爾	當幸運兒誇張著上帝的特別恩典時，上帝是慚愧的。
1011	漂鳥集 之 110		印度	泰戈爾	我將我自己的影子拋在我的路上，因為我有一盞沒有點燃的明燈。
1012	漂鳥集 之 111		印度	泰戈爾	個人加入熱鬧的群眾，去淹沒他自己的靜默之喧聲。
1013	漂鳥集 之 112		印度	泰戈爾	夢是一位妻子，她定要說話， 睡眠是一位丈夫，他默不作聲地忍受著。
1014	漂鳥集 之 113		印度	泰戈爾	疲乏的盡頭是死，但完善的盡頭是無盡。
1015	漂鳥集 之 114		印度	泰戈爾	山峰正如群兒的呼喊，高舉著手臂，想要攬捉星星。
1016	漂鳥集 之 115		印度	泰戈爾	行人雖擁擠，路是寂寞的，因為沒有人愛他。
1017	漂鳥集 之 116		印度	泰戈爾	權力自跨他的禍害，為落地的黃葉與過路的閒雲所笑。
1018	漂鳥集 之 117		印度	泰戈爾	黑夜吻著消逝的白日，在他的耳邊低語道：「我是死亡，是你的母親。我正給你新的誕生。」
1019	漂鳥集 之 118		印度	泰戈爾	今天，大地像是一個在太陽裏紡紗的婦人，她用那忘卻的語言對我唱著一些古歌。
1020	漂鳥集 之 119		印度	泰戈爾	草葉值得生長在這偉大的世界上。
1021	漂鳥集 之 120		印度	泰戈爾	黑夜啊！我感覺到你美麗，正像那被愛的少婦吹熄了她的燈時一樣。
1022	漂鳥集 之 121		印度	泰戈爾	我把衰敗的世界帶進我繁榮的世界裏。
1023	漂鳥集 之 122		印度	泰戈爾	親愛的朋友，當我傾聽濤聲時，我便感覺到你在這海灘上許多個夜晚的偉大思想的平靜了。
1024	漂鳥集 之 123		印度	泰戈爾	飛鳥想這是善舉，如果把魚兒舉入高空。
1025	漂鳥集 之 124		印度	泰戈爾	夜對太陽說：「你在明月裏送給我你的情書，我把我含淚的答覆留在草上了。」
1026	漂鳥集 之 125		印度	泰戈爾	「偉大」生來是一個小兒；當他死時，他把他偉大的童年留給世界。
1027	漂鳥集 之 126		印度	泰戈爾	不是鐵鎚的敲打能奏效的。只有那水的跳舞的歌聲，能使石卵臻於完美。
1028	漂鳥集 之 127		印度	泰戈爾	蜜蜂吮吸花蜜，當他離開時便嗡嗡地鳴謝著。 華麗的蝴蝶深信花朵欠禮，應該謝他。
1029	漂鳥集 之 128		印度	泰戈爾	要侃侃而談是容易的，假使你不等說出完全的真理。
1030	漂鳥集 之 129		印度	泰戈爾	「可能」問「不可能」說：「何處是你的寓所？」 得到的回答是：「無能者的夢裏。」
1031	漂鳥集 之 130		印度	泰戈爾	如果你對一切怪論深閉固拒，真理也要被關在門外了。
1032	漂鳥集 之 131		印度	泰戈爾	我聽見什麼東西的颼颼聲在我憂鬱的心的後面響著﹣﹣但是我看不見什麼。
1033	漂鳥集 之 132		印度	泰戈爾	地下的樹根並不因為使樹枝滿生果實而需要酬報。
1034	漂鳥集 之 133		印度	泰戈爾	在活動著的閒暇便是工作。 靜止的海水激動成波濤。
1035	漂鳥集 之 134		印度	泰戈爾	葉兒在戀愛時變成花。 花兒在崇拜時變成果。
1036	漂鳥集 之 135		印度	泰戈爾	在這風吹不息的雨夜，我看著搖曳的樹枝，想到萬有的偉大。
1037	漂鳥集 之 136		印度	泰戈爾	午夜暴風雨，像一個巨人的小孩，在不合時的黑暗中醒來，便開始玩耍而喧鬧了。
1038	漂鳥集 之 137		印度	泰戈爾	哦！海啊！你掀起你的波濤來也追不到你的情人啊！你這孤寂的風暴之新婦。
1039	漂鳥集 之 138		印度	泰戈爾	「文字」對「工作」說：「我羞愧我的空虛。」 「工作」對「文字」說：「當我一見到你，我知道我是何等的貧乏了。」
1040	漂鳥集 之 139		印度	泰戈爾	時間是變更的財富，但時鐘哼著諧詩，單只是變更，並無財富可言。
1041	漂鳥集 之 140		印度	泰戈爾	真理穿她的衣服，發覺它實在太緊窄。 在想像中，她卻轉動得舒適自如。
1042	漂鳥集 之 141		印度	泰戈爾	哦！路啊！當我僕僕風塵於這裏和那裏，我是討厭你的，可是現在你領導我走向各處去，我已因愛情而與你結合了。
1043	漂鳥集 之 142		印度	泰戈爾	讓我設想，在那群星中間，有一顆星正引導我的生命通過那黑暗的未知。
1044	漂鳥集 之 143		印度	泰戈爾	婦人啊！好優雅的手指接觸到我的器物，便井然有序像音樂般有節奏之美了。
1045	漂鳥集 之 144		印度	泰戈爾	一種憂傷的聲音營巢於多年的廢墟間。 在夜裏，那聲音向我唱著：「我愛過你。」
1046	漂鳥集 之 145		印度	泰戈爾	熊熊的烈火用牠延燒的火舌警告我走開。 請從埋在灰中的餘燼裏救我出來。
1047	漂鳥集 之 146		印度	泰戈爾	我有空中的星星，但是，哦！卻想念我室內未點的小燈。
1048	漂鳥集 之 147		印度	泰戈爾	死去的文字之遺灰黏附著你。將靜默來洗滌你的靈魂吧！
1049	漂鳥集 之 148		印度	泰戈爾	裂口留在生命裏，死亡的哀歌就從裂口送出來。
1050	漂鳥集 之 149		印度	泰戈爾	世界已在清晨打開了它光煥的心。 出來吧！我的心用你的愛迎接它。
1051	漂鳥集 之 150		印度	泰戈爾	上帝的大權力是寓於和風中，並不在暴風雨裏。
1052	漂鳥集 之 151		印度	泰戈爾	我的思想與這些閃光的葉子一起閃耀著，我的心由於陽光的接觸而唱著；我的生命因得與萬物一起飄浮進空間的蔚藍，飄浮進時間的黝黑而欣喜著。
1053	漂鳥集 之 152		印度	泰戈爾	這是一場夢，一切事物都散漫著都緊壓著我。當我醒來，我將見到它們都已聚集在你那裏，那麼，我便得自由了。
1054	漂鳥集 之 153		印度	泰戈爾	「誰來接替我的職務？」 「我將盡力去做，我主。」
1055	漂鳥集 之 154		印度	泰戈爾	「偉大」不怕與「眇小」同行。 只有中間才遠離別人。
1056	漂鳥集 之 155		印度	泰戈爾	你摘取花瓣並未採擷著花的美麗。
1057	漂鳥集 之 156		印度	泰戈爾	靜默將負載你的聲音，有如鳥巢支持著睡鳥。
1058	漂鳥集 之 157		印度	泰戈爾	黑夜暗中把花朵開放而讓白日接受謝意。
1059	漂鳥集 之 158		印度	泰戈爾	權力把它犧牲者的掙扎當做是忘恩。
1060	漂鳥集 之 159		印度	泰戈爾	雨點吻著大地，低語道：「母親啊！我們是你的有思家病的孩子，從天上回到你的懷抱了。」
1061	漂鳥集 之 160		印度	泰戈爾	當我們滿足地樂意時，我們就可以愉快地帶著我們的果實分開了。
1062	漂鳥集 之 161		印度	泰戈爾	蛛網要捕捉蒼蠅，卻假裝著捕捉露珠。
1063	漂鳥集 之 162		印度	泰戈爾	「愛」啊！當我來時因你手中正燃燒著的愁苦之燈我看見你的面色，並且知道你就是「快樂」。
1064	漂鳥集 之 163		印度	泰戈爾	螢火對星星說：「學者說你的光將有熄滅的一天。」 星星沒有回答。
1065	漂鳥集 之 164		印度	泰戈爾	一隻黎明之鳥在這黃昏的薄暗中飛到我靜寂之巢來。
1066	漂鳥集 之 165		印度	泰戈爾	思想透澈我的心頭正如雁群掠過天空。 我聽見牠們的翼聲。
1067	漂鳥集 之 166		印度	泰戈爾	運河歡喜想著那河流是專為供給牠河水而存在的。
1068	漂鳥集 之 167		印度	泰戈爾	世界以痛苦吻我靈魂，卻要求報以詩歌。
1069	漂鳥集 之 168		印度	泰戈爾	思想用它自己的文字培養它自己而滋長者。
1070	漂鳥集 之 169		印度	泰戈爾	那在壓迫著我的到底是我的靈魂想要出來到空曠之處去呢？還是那世界的靈魂敲著我的心門想要進去呢？
1071	漂鳥集 之 170		印度	泰戈爾	我把我的心之缸浸入這靜默之時間中，牠已充滿著愛了。
1072	漂鳥集 之 171		印度	泰戈爾	不管你有沒有工作。 當你一說「讓我們做點事吧」，那時就開始在惡作劇了。
1073	漂鳥集 之 172		印度	泰戈爾	向日葵因因承認那無名之花是她的親戚而羞愧。 太陽上升時卻對無名之花含笑地說：「我的愛人，妳好不好？」
1074	漂鳥集 之 173		印度	泰戈爾	雲兒把河之水杯注滿；自己卻隱藏在遠處的山中。
1075	漂鳥集 之 174		印度	泰戈爾	「是誰像命運一樣驅遣著我？」 「是『自我』跨在我的背上。」
1076	漂鳥集 之 175		印度	泰戈爾	在取水的途中，我把我水瓶裏的水潑掉了。 很少水剩留下來以供家用。
1077	漂鳥集 之 176		印度	泰戈爾	在缸裏的水是透明的；在海中的水卻黝黑。 微小的真理有清晰的言辭；偉大的真理卻只是偉大的沉默。
1078	漂鳥集 之 177		印度	泰戈爾	你的微笑是你田野的花，你的談吐是你山松的蕭蕭聲，可是你的心卻是我們人人皆知的婦人。
1079	漂鳥集 之 178		印度	泰戈爾	是小東西，我把它留下給我親愛人－－大的東西則留給大眾。
1080	漂鳥集 之 179		印度	泰戈爾	婦人啊！好把好的奧妙的淚水包圍住世界的心有如海之於陸地。
1081	漂鳥集 之 180		印度	泰戈爾	陽光以微笑歡迎我。 雨，他的顰蹙的妹妹對我的心談著衷曲。
1082	漂鳥集 之 181		印度	泰戈爾	我的白晝的花隨便地掉下牠被忘的花瓣。 在冕上牠長成為紀念黃金果實。
1083	漂鳥集 之 182		印度	泰戈爾	我好像夜裏的路，在靜默中正傾聽著記憶的足音。
1084	漂鳥集 之 183		印度	泰戈爾	"在我看來黃昏的天空像一個窗子,窗內點著一盞燈，裏邊正有一個人在等待著呢！"
1085	漂鳥集 之 184		印度	泰戈爾	太忙於做好的人往往無時間去做好。
1086	漂鳥集 之 185		印度	泰戈爾	我是無雨的秋雲，但在黃熟的稻田裏，可以見到我的充實。
1087	漂鳥集 之 186		印度	泰戈爾	仇恨的殘殺的，大家讚美他們。 但上帝慚愧地趕快把這記憶隱藏到綠草底下去。
1088	漂鳥集 之 187		印度	泰戈爾	足趾是不回顧過去的手指。
1089	漂鳥集 之 188		印度	泰戈爾	黑暗趨向光明，但盲目趨向死亡。
1090	漂鳥集 之 189		印度	泰戈爾	被寵的小犬猜疑宇宙要設計取得牠的地位。
1091	漂鳥集 之 190		印度	泰戈爾	我的心啊！請安靜地坐著，不要把塵埃揚起來。 讓世界找出他到你那裏的路來。
1092	漂鳥集 之 191		印度	泰戈爾	弓在箭弦前對他低語道：「你的自由是我的。」
1093	漂鳥集 之 192		印度	泰戈爾	婦人啊！在妳的笑聲裏含有生命之泉的音樂。
1094	漂鳥集 之 193		印度	泰戈爾	一個充滿邏輯的心恰像一把四面都是鋒刃的刀。 牠會使那用牠的手流出血來。
1095	漂鳥集 之 194		印度	泰戈爾	上帝喜歡人的燈光甚於他自己的巨星。
1096	漂鳥集 之 195		印度	泰戈爾	這世界是一個粗野的暴風雨的世界，那優美的音樂使牠馴服著。
1097	漂鳥集 之 196		印度	泰戈爾	「我的心好像你吻著的黃金寶節。」暮雲對太陽說。
1098	漂鳥集 之 197		印度	泰戈爾	過分接近可能殺死；保持距離或許成功。
1099	漂鳥集 之 198		印度	泰戈爾	蟋蟀的唧唧聲和雨點的滴瀝透過黑暗來到我耳中，一如夢之沙沙聲來自我已逝的青春。
1100	漂鳥集 之 199		印度	泰戈爾	花對失去了所有星斗的晨空喊道：「我失去了我的露珠。」
1101	漂鳥集 之 200		印度	泰戈爾	燃燒的木頭一面噴射著火焰，一面喊道：「這是我的花，這是我的死。」
1102	漂鳥集 之 201		印度	泰戈爾	胡蜂想鄰人蜜蜂的蜂窩太小了。 鄰人卻請他造一個更小的窩。
1103	漂鳥集 之 202		印度	泰戈爾	堤岸對河流說：「我不能保留你的汝浪，讓我保留你的足印在我心裏！」
1104	漂鳥集 之 203		印度	泰戈爾	白晝與這小小地球的喧囂掩蓋主全宇宙的靜默。
1105	漂鳥集 之 204		印度	泰戈爾	歌的感覺之無限在空中，畫的感覺之無限在地上，而詩的感覺之無限兼有空中與地上；因為詩的文字之意義能行走，文字的音樂能飛翔。
1106	漂鳥集 之 205		印度	泰戈爾	太陽「西方」落下時，他早晨的「東方」正靜悄悄地站在他的前面。
1107	漂鳥集 之 206		印度	泰戈爾	果實的職務很尊貴，花朵的職務很甜美；可是讓我職務成為葉子的職務，謙遜地奉獻它的濃蔭吧！
1108	漂鳥集 之 207		印度	泰戈爾	讓我不要把我自己歪斜地對著我的世界而使他反對我。
1109	漂鳥集 之 208		印度	泰戈爾	「讚美」來羞著我，因我暗地裏求取他。
1110	漂鳥集 之 209		印度	泰戈爾	在沒有事可做時讓我不做什麼只在寧靜的深處，像那風平浪靜時的海岸之黃昏。
1111	漂鳥集 之 210		印度	泰戈爾	少女啊！妳的純樸，像湖水的澄碧，顯示出妳真實的深厚。
1112	漂鳥集 之 211		印度	泰戈爾	不要說，「這還是早晨」，並借昨天的名義將它遣去。第二次看它，像看一個沒有名字的新生嬰孩。
1113	漂鳥集 之 212		印度	泰戈爾	至善不會獨至，它與一切俱來。
1114	漂鳥集 之 213		印度	泰戈爾	上帝的右手是慈和的；但他的左手是可怕的。
1115	漂鳥集 之 214		印度	泰戈爾	我的黃昏來到異域的林間，說著一種我的晨星所不懂的話。
1116	漂鳥集 之 215		印度	泰戈爾	夜的黑暗是一隻袋，黎明的金光從袋中爆裂開來。
1117	漂鳥集 之 216		印度	泰戈爾	雨點向素馨花耳語：「永遠把我留在你的心裏吧！」 素馨花嘆了一聲，「哎唷！」就掉向地面去。
1118	漂鳥集 之 217		印度	泰戈爾	我們的願望以虹霓的彩色借給僅只煙霧般的生命。
1119	漂鳥集 之 218		印度	泰戈爾	上帝等待著取還他自己的花，那花由人類的手捧著作為禮物獻上去。
1120	漂鳥集 之 219		印度	泰戈爾	我的憂思困擾我，要問我他們自己的名字。
1121	漂鳥集 之 220		印度	泰戈爾	我心已張帆在閒風中，將駛向「任何地方」的幻影之島。
1123	無題	詩	明		周公恐懼流言日，王莽謙恭下士時。假使當時身便死，一生真偽有誰知？
1124	佛門偈語	詩			手把青秧插滿田，低頭便見水中天；身心清淨方為道，退步原來是向前。
DO	控制情緒才是人生所追求的修養	佳文			"控制情緒才是人生所追求的修養以下是13個改善EQ的小秘方，小則保持心情愉悅,大則可以改運，甚至可以影響國運喔！別急！慢慢來當您面對失敗或頹勢時，千萬別慌了手腳而大發雷霆，試著將注意力放在「就算功敗垂成，至少妳學到了」諸如此類的積極想法上，它會很神奇地舒緩緊繃情緒，做出正確的判斷和反應。承認自己錯了，別人對了認真傾聽別人的觀點和意見，並且勇敢地面對錯誤，絕對是EQ指數向上跳躍一大步的指標。別被輕易收買隨時都在面對誘惑的人生，得學會明察秋毫因為小惠的背後可能要付出極大代價，比較安全的應變是，說些「謝謝你的提議，我會仔細思考。」「這個條件很誘人，值得考慮。」等等好聽話，然後改變話題，讓對方知道您真的需要時間好好思考，此舉將使您重掌控制權，不致於做下以後會讓您後悔莫及的決定。慎選朋友雖然人生中有許多事由不得您，也許您很難量身訂作一個默契十足的好老闆，但是對於該和什麼樣的朋友往來，您有絕對的主導權，睜大眼睛，選擇真正對您知無不言、可以患難與共的朋友吧！在您情緒失控時，他們會先幫您踩剎車。學習更明快而果斷試著用最精煉簡潔的詞句表達您的意見想法，千萬別拉拉雜雜閒扯淡那不僅可能把對方搞瘋，也會惹得自己心煩意亂。就事論事女人常犯的毛病是常常人事不分，一面對批評就直覺以為別人和您過不去，不是想當然爾反應過度，就是暗自啜泣療傷，甚至因此而喪失自信，在這一點上，男人比較能理性就事論事的態度，值得學習。溝通，再溝通別做個遇事就逃的縮頭烏龜，坦誠面對困境，不厭其煩地溝通，雨過天晴時，您一定會有所學習和成長。被拒時切忌惱羞成怒當您的提議被否決時，先耐住性子聽聽對方的解釋，千萬別動不動就板起臉回敬一句：「那沒什麼好說的了。」要知道當您表現得像隻劍拔弩張的刺蝟時，別人也會毫不留情地以牙還牙。少自作聰明妄下結論譬如當一個您甚有好感的異性婉拒您的邀約時，別一口咬定一定是因為您太胖或臉上的雀斑讓他卻步，天知道除了他真的有事外，還有上百個非常合理而正當的理由，試著別太小題大作。學著判斷輕重緩急生活中要處理的事實在多如牛毛，有些無關緊要的小事，不妨看開些；將心力放在急迫而深具影響力的任務上，要知道通常瑣事最是折煞人，如果不學著捨輕就重，保證心情恐怕永遠像是滾滾沸沸的活火山，等著隨時爆發。萬全準備比如執行一項大計畫前，一定要有充分的準備，而在距離開始倒數計時的關鍵時分，將全副心神放在活動重點上，如果覺得緊張，試著想像活動就十分圓滿地結束，它會讓您稍微鎮定，且較能專注在流程細節上，成功完成任務的機率亦相對提高。直言您的需求如果您期待人們都具備有讀心術，可以準確無誤地得知您的需求，那麼恐怕您得一直生活在失望之中了。別心浮氣躁如果您內心有所抱怨，找個朋友吐吐苦水，然後忘了它，記得高EQ的人是不會怨懟埋藏在心裡。"
